danceability,energy,key,loudness,mode,speechiness,acousticness,instrumentalness,liveness,valence,tempo,type,id,uri,track_href,analysis_url,duration_ms,time_signature
0.728,0.448,8,-10.54,1,0.172,0.103,0.0,0.267,0.483,80.902,audio_features,5r96TaQquRrlo3Ym3ZlSL2,spotify:track:5r96TaQquRrlo3Ym3ZlSL2,https://api.spotify.com/v1/tracks/5r96TaQquRrlo3Ym3ZlSL2,https://api.spotify.com/v1/audio-analysis/5r96TaQquRrlo3Ym3ZlSL2,202920,4
0.487,0.429,4,-8.716,0,0.0391,0.332,0.0,0.207,0.508,143.582,audio_features,74sUbOF9Zm8LdGUJjxleTl,spotify:track:74sUbOF9Zm8LdGUJjxleTl,https://api.spotify.com/v1/tracks/74sUbOF9Zm8LdGUJjxleTl,https://api.spotify.com/v1/audio-analysis/74sUbOF9Zm8LdGUJjxleTl,328773,4
0.462,0.806,3,-3.283,1,0.0341,0.26,0.0,0.114,0.354,165.925,audio_features,16XbElFPv3A7TrzRJntVYd,spotify:track:16XbElFPv3A7TrzRJntVYd,https://api.spotify.com/v1/tracks/16XbElFPv3A7TrzRJntVYd,https://api.spotify.com/v1/audio-analysis/16XbElFPv3A7TrzRJntVYd,325600,4
0.709,0.913,7,-5.148,1,0.0748,0.0182,0.0,0.167,0.519,108.024,audio_features,2SkJKMfjpYsNv0KWOxiegX,spotify:track:2SkJKMfjpYsNv0KWOxiegX,https://api.spotify.com/v1/tracks/2SkJKMfjpYsNv0KWOxiegX,https://api.spotify.com/v1/audio-analysis/2SkJKMfjpYsNv0KWOxiegX,229320,4
0.396,0.635,4,-5.665,0,0.0394,0.387,0.0,0.271,0.306,126.981,audio_features,7dnQZxpbKsHNmtlWcRdsR4,spotify:track:7dnQZxpbKsHNmtlWcRdsR4,https://api.spotify.com/v1/tracks/7dnQZxpbKsHNmtlWcRdsR4,https://api.spotify.com/v1/audio-analysis/7dnQZxpbKsHNmtlWcRdsR4,178787,4
0.754,0.759,9,-5.218,1,0.302,0.153,0.000108,0.101,0.435,126.366,audio_features,7LRMbd3LEoV5wZJvXT1Lwb,spotify:track:7LRMbd3LEoV5wZJvXT1Lwb,https://api.spotify.com/v1/tracks/7LRMbd3LEoV5wZJvXT1Lwb,https://api.spotify.com/v1/audio-analysis/7LRMbd3LEoV5wZJvXT1Lwb,214667,4
0.31,0.7,9,-5.678,1,0.047,0.011,0.00965,0.0828,0.763,188.386,audio_features,08mG3Y1vljYA6bvDt4Wqkj,spotify:track:08mG3Y1vljYA6bvDt4Wqkj,https://api.spotify.com/v1/tracks/08mG3Y1vljYA6bvDt4Wqkj,https://api.spotify.com/v1/audio-analysis/08mG3Y1vljYA6bvDt4Wqkj,255493,4
0.574,0.913,6,-4.793,0,0.133,0.061,0.00158,0.156,0.423,115.728,audio_features,2zYzyRzz6pRmhPzyfMEC8s,spotify:track:2zYzyRzz6pRmhPzyfMEC8s,https://api.spotify.com/v1/tracks/2zYzyRzz6pRmhPzyfMEC8s,https://api.spotify.com/v1/audio-analysis/2zYzyRzz6pRmhPzyfMEC8s,208400,4
0.502,0.89,4,-5.175,1,0.0364,0.000147,0.0117,0.217,0.259,133.52,audio_features,57bgtoPSgt236HzfBOd8kj,spotify:track:57bgtoPSgt236HzfBOd8kj,https://api.spotify.com/v1/tracks/57bgtoPSgt236HzfBOd8kj,https://api.spotify.com/v1/audio-analysis/57bgtoPSgt236HzfBOd8kj,292880,4
0.532,0.767,7,-5.509,1,0.0574,0.00287,0.000513,0.39,0.755,127.361,audio_features,2SiXAy7TuUkycRVbbWDEpo,spotify:track:2SiXAy7TuUkycRVbbWDEpo,https://api.spotify.com/v1/tracks/2SiXAy7TuUkycRVbbWDEpo,https://api.spotify.com/v1/audio-analysis/2SiXAy7TuUkycRVbbWDEpo,210173,4
0.572,0.825,8,-3.977,1,0.04,7.13e-05,0.000134,0.134,0.56,98.057,audio_features,2vyae4DvSU2gs8OMOGwXF2,spotify:track:2vyae4DvSU2gs8OMOGwXF2,https://api.spotify.com/v1/tracks/2vyae4DvSU2gs8OMOGwXF2,https://api.spotify.com/v1/audio-analysis/2vyae4DvSU2gs8OMOGwXF2,183053,4
0.457,0.904,2,-5.303,1,0.0747,0.000239,0.0879,0.396,0.48,141.038,audio_features,0C80GCp0mMuBzLf3EAXqxv,spotify:track:0C80GCp0mMuBzLf3EAXqxv,https://api.spotify.com/v1/tracks/0C80GCp0mMuBzLf3EAXqxv,https://api.spotify.com/v1/audio-analysis/0C80GCp0mMuBzLf3EAXqxv,317427,4
0.653,0.73,5,-10.613,1,0.043,0.0114,1.03e-05,0.0754,0.894,108.705,audio_features,5SZ6zX4rOrEQferfFC2MfP,spotify:track:5SZ6zX4rOrEQferfFC2MfP,https://api.spotify.com/v1/tracks/5SZ6zX4rOrEQferfFC2MfP,https://api.spotify.com/v1/audio-analysis/5SZ6zX4rOrEQferfFC2MfP,220400,4
0.307,0.433,1,-10.057,1,0.029,0.388,9.08e-05,0.332,0.224,160.9,audio_features,5MxNLUsfh7uzROypsoO5qe,spotify:track:5MxNLUsfh7uzROypsoO5qe,https://api.spotify.com/v1/tracks/5MxNLUsfh7uzROypsoO5qe,https://api.spotify.com/v1/audio-analysis/5MxNLUsfh7uzROypsoO5qe,266960,4
0.68,0.696,5,-6.977,1,0.051,0.116,0.0,0.607,0.684,115.962,audio_features,3jHBgKdLCf46aP3HRI0WYv,spotify:track:3jHBgKdLCf46aP3HRI0WYv,https://api.spotify.com/v1/tracks/3jHBgKdLCf46aP3HRI0WYv,https://api.spotify.com/v1/audio-analysis/3jHBgKdLCf46aP3HRI0WYv,180743,4
0.626,0.639,10,-5.62,1,0.085,0.0465,0.0,0.161,0.638,144.009,audio_features,17FK4etx1u2NK60cptINMS,spotify:track:17FK4etx1u2NK60cptINMS,https://api.spotify.com/v1/tracks/17FK4etx1u2NK60cptINMS,https://api.spotify.com/v1/audio-analysis/17FK4etx1u2NK60cptINMS,212783,4
0.454,0.66,0,-4.357,1,0.168,0.0364,0.0,0.181,0.568,184.353,audio_features,0TkJIyL69RAUIbNwGub6uR,spotify:track:0TkJIyL69RAUIbNwGub6uR,https://api.spotify.com/v1/tracks/0TkJIyL69RAUIbNwGub6uR,https://api.spotify.com/v1/audio-analysis/0TkJIyL69RAUIbNwGub6uR,212374,4
0.648,0.62,5,-4.938,1,0.0276,0.284,0.0,0.0833,0.772,93.011,audio_features,5jiYx70OBzEI99jx1Gn3FN,spotify:track:5jiYx70OBzEI99jx1Gn3FN,https://api.spotify.com/v1/tracks/5jiYx70OBzEI99jx1Gn3FN,https://api.spotify.com/v1/audio-analysis/5jiYx70OBzEI99jx1Gn3FN,218763,4
0.74,0.517,1,-6.233,0,0.0506,0.0183,0.0,0.0558,0.698,139.917,audio_features,5FQPpxOXsvkMN6v18gtpwY,spotify:track:5FQPpxOXsvkMN6v18gtpwY,https://api.spotify.com/v1/tracks/5FQPpxOXsvkMN6v18gtpwY,https://api.spotify.com/v1/audio-analysis/5FQPpxOXsvkMN6v18gtpwY,170858,4
0.731,0.864,10,-5.877,1,0.0955,0.0952,0.000207,0.0459,0.847,105.148,audio_features,1Cc7MrnBdhj6o2JzcOrQ8R,spotify:track:1Cc7MrnBdhj6o2JzcOrQ8R,https://api.spotify.com/v1/tracks/1Cc7MrnBdhj6o2JzcOrQ8R,https://api.spotify.com/v1/audio-analysis/1Cc7MrnBdhj6o2JzcOrQ8R,251213,4
0.863,0.673,4,-6.576,0,0.1,0.258,0.00271,0.0745,0.821,115.952,audio_features,3D5wnLaeVlCCIPzQOOAirA,spotify:track:3D5wnLaeVlCCIPzQOOAirA,https://api.spotify.com/v1/tracks/3D5wnLaeVlCCIPzQOOAirA,https://api.spotify.com/v1/audio-analysis/3D5wnLaeVlCCIPzQOOAirA,237053,4
0.653,0.964,9,-4.261,0,0.0582,0.00316,0.00512,0.144,0.87,126.928,audio_features,5z6xHjCZr7a7AIcy8sPBKy,spotify:track:5z6xHjCZr7a7AIcy8sPBKy,https://api.spotify.com/v1/tracks/5z6xHjCZr7a7AIcy8sPBKy,https://api.spotify.com/v1/audio-analysis/5z6xHjCZr7a7AIcy8sPBKy,209267,4
0.496,0.913,4,-3.286,1,0.0449,0.0101,0.0,0.118,0.675,165.986,audio_features,1SeefzwSDiFCjRWaBslRIj,spotify:track:1SeefzwSDiFCjRWaBslRIj,https://api.spotify.com/v1/tracks/1SeefzwSDiFCjRWaBslRIj,https://api.spotify.com/v1/audio-analysis/1SeefzwSDiFCjRWaBslRIj,189418,4
0.62,0.93,8,-5.615,1,0.0486,0.0662,0.0,0.0788,0.675,126.041,audio_features,6zDs6zI94L761vd0cVScTT,spotify:track:6zDs6zI94L761vd0cVScTT,https://api.spotify.com/v1/tracks/6zDs6zI94L761vd0cVScTT,https://api.spotify.com/v1/audio-analysis/6zDs6zI94L761vd0cVScTT,206920,4
0.776,0.78,10,-4.374,0,0.128,0.0622,0.0,0.081,0.666,124.949,audio_features,0pqnGHJpmpxLKifKRmU6WP,spotify:track:0pqnGHJpmpxLKifKRmU6WP,https://api.spotify.com/v1/tracks/0pqnGHJpmpxLKifKRmU6WP,https://api.spotify.com/v1/audio-analysis/0pqnGHJpmpxLKifKRmU6WP,204347,4
0.39,0.967,10,-1.946,1,0.0644,0.000758,1.74e-05,0.302,0.488,151.944,audio_features,1UkMAtLU8NxsddE7j4zXGO,spotify:track:1UkMAtLU8NxsddE7j4zXGO,https://api.spotify.com/v1/tracks/1UkMAtLU8NxsddE7j4zXGO,https://api.spotify.com/v1/audio-analysis/1UkMAtLU8NxsddE7j4zXGO,188840,4
0.515,0.333,1,-9.389,1,0.03,0.771,5.42e-06,0.117,0.259,170.145,audio_features,0VB2DbuUCBkDuD5ZMJxPJN,spotify:track:0VB2DbuUCBkDuD5ZMJxPJN,https://api.spotify.com/v1/tracks/0VB2DbuUCBkDuD5ZMJxPJN,https://api.spotify.com/v1/audio-analysis/0VB2DbuUCBkDuD5ZMJxPJN,189200,4
0.762,0.387,10,-8.643,0,0.0277,0.239,0.00756,0.13,0.274,109.959,audio_features,3WGsYiBXmaT8XyY4Fmry2v,spotify:track:3WGsYiBXmaT8XyY4Fmry2v,https://api.spotify.com/v1/tracks/3WGsYiBXmaT8XyY4Fmry2v,https://api.spotify.com/v1/audio-analysis/3WGsYiBXmaT8XyY4Fmry2v,239147,4
0.777,0.633,5,-8.354,1,0.0367,0.186,0.197,0.239,0.96,130.069,audio_features,1SOTqkhpIWoLX1AS9Y2RpU,spotify:track:1SOTqkhpIWoLX1AS9Y2RpU,https://api.spotify.com/v1/tracks/1SOTqkhpIWoLX1AS9Y2RpU,https://api.spotify.com/v1/audio-analysis/1SOTqkhpIWoLX1AS9Y2RpU,130612,4
0.548,0.532,5,-7.596,1,0.0323,0.186,0.000263,0.217,0.405,85.03,audio_features,5FVd6KXrgO9B3JPmC8OPst,spotify:track:5FVd6KXrgO9B3JPmC8OPst,https://api.spotify.com/v1/tracks/5FVd6KXrgO9B3JPmC8OPst,https://api.spotify.com/v1/audio-analysis/5FVd6KXrgO9B3JPmC8OPst,272394,4
0.433,0.854,9,-3.868,1,0.0483,0.000336,0.000177,0.162,0.368,89.4,audio_features,1Qdnvn4XlmZANCVy3XjrQo,spotify:track:1Qdnvn4XlmZANCVy3XjrQo,https://api.spotify.com/v1/tracks/1Qdnvn4XlmZANCVy3XjrQo,https://api.spotify.com/v1/audio-analysis/1Qdnvn4XlmZANCVy3XjrQo,277840,4
0.402,0.0757,0,-14.874,1,0.0333,0.904,1.43e-06,0.0871,0.353,77.554,audio_features,7emYgNINPGksV9INAKsjSj,spotify:track:7emYgNINPGksV9INAKsjSj,https://api.spotify.com/v1/tracks/7emYgNINPGksV9INAKsjSj,https://api.spotify.com/v1/audio-analysis/7emYgNINPGksV9INAKsjSj,218667,4
0.362,0.544,7,-6.664,1,0.0481,0.00482,0.118,0.0904,0.191,97.448,audio_features,597qlcmqAPi6cNRNIg4cQv,spotify:track:597qlcmqAPi6cNRNIg4cQv,https://api.spotify.com/v1/tracks/597qlcmqAPi6cNRNIg4cQv,https://api.spotify.com/v1/audio-analysis/597qlcmqAPi6cNRNIg4cQv,223040,3
0.61,0.0967,8,-14.728,1,0.0423,0.948,5.45e-06,0.148,0.202,111.559,audio_features,0sN0KsgEU0RxNsGJ0zOGor,spotify:track:0sN0KsgEU0RxNsGJ0zOGor,https://api.spotify.com/v1/tracks/0sN0KsgEU0RxNsGJ0zOGor,https://api.spotify.com/v1/audio-analysis/0sN0KsgEU0RxNsGJ0zOGor,198133,4
0.539,0.528,5,-6.719,1,0.0546,0.246,6.65e-05,0.221,0.456,164.024,audio_features,6qMMJiCtrlHmxGyFUStff8,spotify:track:6qMMJiCtrlHmxGyFUStff8,https://api.spotify.com/v1/tracks/6qMMJiCtrlHmxGyFUStff8,https://api.spotify.com/v1/audio-analysis/6qMMJiCtrlHmxGyFUStff8,194760,4
0.613,0.754,2,-9.219,1,0.0722,0.00453,0.0182,0.161,0.938,185.972,audio_features,6OIZQfzKjtYr0j2KZmt0va,spotify:track:6OIZQfzKjtYr0j2KZmt0va,https://api.spotify.com/v1/tracks/6OIZQfzKjtYr0j2KZmt0va,https://api.spotify.com/v1/audio-analysis/6OIZQfzKjtYr0j2KZmt0va,177362,4
0.505,0.839,11,-4.966,0,0.0569,0.0111,0.0,0.211,0.326,139.961,audio_features,7w09r53aPON8ZUvEAnPe94,spotify:track:7w09r53aPON8ZUvEAnPe94,https://api.spotify.com/v1/tracks/7w09r53aPON8ZUvEAnPe94,https://api.spotify.com/v1/audio-analysis/7w09r53aPON8ZUvEAnPe94,259520,4
0.319,0.757,0,-6.117,0,0.0432,0.016,0.0,0.102,0.101,122.465,audio_features,5lRzWDEe7UuedU2QPsFg0K,spotify:track:5lRzWDEe7UuedU2QPsFg0K,https://api.spotify.com/v1/tracks/5lRzWDEe7UuedU2QPsFg0K,https://api.spotify.com/v1/audio-analysis/5lRzWDEe7UuedU2QPsFg0K,322173,4
0.505,0.856,7,-5.162,0,0.107,0.109,0.0,0.0845,0.41,94.989,audio_features,0eUgkunDciOOiao9Sjw3PW,spotify:track:0eUgkunDciOOiao9Sjw3PW,https://api.spotify.com/v1/tracks/0eUgkunDciOOiao9Sjw3PW,https://api.spotify.com/v1/audio-analysis/0eUgkunDciOOiao9Sjw3PW,173773,4
0.642,0.743,1,-5.459,1,0.0251,0.0127,0.0,0.105,0.737,100.048,audio_features,35SVRaDt0IKWBPQdR0xREa,spotify:track:35SVRaDt0IKWBPQdR0xREa,https://api.spotify.com/v1/tracks/35SVRaDt0IKWBPQdR0xREa,https://api.spotify.com/v1/audio-analysis/35SVRaDt0IKWBPQdR0xREa,217141,4
0.54,0.739,4,-6.474,0,0.0636,0.0789,0.0,0.225,0.434,78.977,audio_features,0FNLnZRNWEIbGsb8jkU2lv,spotify:track:0FNLnZRNWEIbGsb8jkU2lv,https://api.spotify.com/v1/tracks/0FNLnZRNWEIbGsb8jkU2lv,https://api.spotify.com/v1/audio-analysis/0FNLnZRNWEIbGsb8jkU2lv,190360,4
0.464,0.924,0,-6.022,0,0.0919,0.0218,0.0,0.105,0.373,139.442,audio_features,5vdNoFezjTsQTrZxPK8tDg,spotify:track:5vdNoFezjTsQTrZxPK8tDg,https://api.spotify.com/v1/tracks/5vdNoFezjTsQTrZxPK8tDg,https://api.spotify.com/v1/audio-analysis/5vdNoFezjTsQTrZxPK8tDg,204827,4
0.487,0.625,8,-5.112,1,0.0401,0.374,0.0,0.226,0.351,170.397,audio_features,1Mf27cnAF1Q6Ko83XTM5d1,spotify:track:1Mf27cnAF1Q6Ko83XTM5d1,https://api.spotify.com/v1/tracks/1Mf27cnAF1Q6Ko83XTM5d1,https://api.spotify.com/v1/audio-analysis/1Mf27cnAF1Q6Ko83XTM5d1,176093,4
0.554,0.777,7,-7.118,0,0.0506,0.00418,3.04e-05,0.105,0.293,133.912,audio_features,3NjnjF26CQer9yRTNDfvqQ,spotify:track:3NjnjF26CQer9yRTNDfvqQ,https://api.spotify.com/v1/tracks/3NjnjF26CQer9yRTNDfvqQ,https://api.spotify.com/v1/audio-analysis/3NjnjF26CQer9yRTNDfvqQ,231395,4
0.679,0.715,9,-6.383,1,0.0407,0.0755,0.0,0.271,0.571,127.435,audio_features,3gbBpTdY8lnQwqxNCcf795,spotify:track:3gbBpTdY8lnQwqxNCcf795,https://api.spotify.com/v1/tracks/3gbBpTdY8lnQwqxNCcf795,https://api.spotify.com/v1/audio-analysis/3gbBpTdY8lnQwqxNCcf795,214148,4
0.503,0.858,8,-6.296,1,0.0657,0.00757,0.00234,0.0803,0.419,133.615,audio_features,5NLuC70kZQv8q34QyQa1DP,spotify:track:5NLuC70kZQv8q34QyQa1DP,https://api.spotify.com/v1/tracks/5NLuC70kZQv8q34QyQa1DP,https://api.spotify.com/v1/audio-analysis/5NLuC70kZQv8q34QyQa1DP,208653,5
0.712,0.691,8,-8.157,1,0.128,0.122,0.0,0.0538,0.742,97.022,audio_features,5qxChyzKLEyoPJ5qGrdurN,spotify:track:5qxChyzKLEyoPJ5qGrdurN,https://api.spotify.com/v1/tracks/5qxChyzKLEyoPJ5qGrdurN,https://api.spotify.com/v1/audio-analysis/5qxChyzKLEyoPJ5qGrdurN,246933,4
0.654,0.611,2,-10.45,1,0.119,0.0337,0.000178,0.405,0.786,85.387,audio_features,5PntSbMHC1ud6Vvl8x56qd,spotify:track:5PntSbMHC1ud6Vvl8x56qd,https://api.spotify.com/v1/tracks/5PntSbMHC1ud6Vvl8x56qd,https://api.spotify.com/v1/audio-analysis/5PntSbMHC1ud6Vvl8x56qd,235000,4
0.84,0.56,6,-10.53,0,0.21,0.00195,0.00417,0.633,0.775,111.815,audio_features,6m59VvDUi0UQsB2eZ9wVbH,spotify:track:6m59VvDUi0UQsB2eZ9wVbH,https://api.spotify.com/v1/tracks/6m59VvDUi0UQsB2eZ9wVbH,https://api.spotify.com/v1/audio-analysis/6m59VvDUi0UQsB2eZ9wVbH,261853,4
0.498,0.647,1,-7.631,1,0.0358,0.00427,9.87e-06,0.146,0.257,163.87,audio_features,0Au4QRVX0hwIRVv1svcqhD,spotify:track:0Au4QRVX0hwIRVv1svcqhD,https://api.spotify.com/v1/tracks/0Au4QRVX0hwIRVv1svcqhD,https://api.spotify.com/v1/audio-analysis/0Au4QRVX0hwIRVv1svcqhD,258573,4
0.304,0.175,0,-14.034,1,0.0311,0.892,1.95e-05,0.084,0.162,93.716,audio_features,0j2Tw0MkOFKzXpwJLzW3vD,spotify:track:0j2Tw0MkOFKzXpwJLzW3vD,https://api.spotify.com/v1/tracks/0j2Tw0MkOFKzXpwJLzW3vD,https://api.spotify.com/v1/audio-analysis/0j2Tw0MkOFKzXpwJLzW3vD,247360,4
0.637,0.333,3,-9.603,1,0.0262,0.181,0.0,0.147,0.588,84.347,audio_features,5DH7nDryMhpixm4G4B7RP9,spotify:track:5DH7nDryMhpixm4G4B7RP9,https://api.spotify.com/v1/tracks/5DH7nDryMhpixm4G4B7RP9,https://api.spotify.com/v1/audio-analysis/5DH7nDryMhpixm4G4B7RP9,217907,4
0.464,0.612,9,-12.019,1,0.0591,0.116,0.00559,0.171,0.496,91.499,audio_features,0HVQuuXGAcQ2P5mBN521ae,spotify:track:0HVQuuXGAcQ2P5mBN521ae,https://api.spotify.com/v1/tracks/0HVQuuXGAcQ2P5mBN521ae,https://api.spotify.com/v1/audio-analysis/0HVQuuXGAcQ2P5mBN521ae,474400,4
0.412,0.658,4,-12.051,0,0.0708,4.52e-05,0.000774,0.176,0.454,163.071,audio_features,1Y373MqadDRtclJNdnUXVc,spotify:track:1Y373MqadDRtclJNdnUXVc,https://api.spotify.com/v1/tracks/1Y373MqadDRtclJNdnUXVc,https://api.spotify.com/v1/audio-analysis/1Y373MqadDRtclJNdnUXVc,168406,4
0.579,0.928,0,-4.344,1,0.0411,0.000715,0.0,0.18,0.882,95.594,audio_features,1fJFuvU2ldmeAm5nFIHcPP,spotify:track:1fJFuvU2ldmeAm5nFIHcPP,https://api.spotify.com/v1/tracks/1fJFuvU2ldmeAm5nFIHcPP,https://api.spotify.com/v1/audio-analysis/1fJFuvU2ldmeAm5nFIHcPP,171533,4
0.333,0.927,9,-8.55,0,0.0733,0.0029,0.000208,0.297,0.385,141.466,audio_features,5QTxFnGygVM4jFQiBovmRo,spotify:track:5QTxFnGygVM4jFQiBovmRo,https://api.spotify.com/v1/tracks/5QTxFnGygVM4jFQiBovmRo,https://api.spotify.com/v1/audio-analysis/5QTxFnGygVM4jFQiBovmRo,308120,4
0.547,0.82,8,-6.728,1,0.0805,0.261,0.0,0.3,0.933,118.208,audio_features,2Nz6aF1umHh5Et6I5H581L,spotify:track:2Nz6aF1umHh5Et6I5H581L,https://api.spotify.com/v1/tracks/2Nz6aF1umHh5Et6I5H581L,https://api.spotify.com/v1/audio-analysis/2Nz6aF1umHh5Et6I5H581L,172867,4
0.674,0.789,8,-6.903,1,0.0676,0.00178,0.00708,0.0753,0.918,129.802,audio_features,1FTSo4v6BOZH9QxKc3MbVM,spotify:track:1FTSo4v6BOZH9QxKc3MbVM,https://api.spotify.com/v1/tracks/1FTSo4v6BOZH9QxKc3MbVM,https://api.spotify.com/v1/audio-analysis/1FTSo4v6BOZH9QxKc3MbVM,121160,4
0.714,0.937,6,-2.947,1,0.0399,0.206,0.0,0.0731,0.964,124.13,audio_features,5EOoMWIB9iK4ZpcSex9Ec7,spotify:track:5EOoMWIB9iK4ZpcSex9Ec7,https://api.spotify.com/v1/tracks/5EOoMWIB9iK4ZpcSex9Ec7,https://api.spotify.com/v1/audio-analysis/5EOoMWIB9iK4ZpcSex9Ec7,194147,4
0.257,0.803,7,-3.886,1,0.0411,0.137,0.0156,0.297,0.294,150.818,audio_features,2fY6tqgrlrg1ky9fgs0t5u,spotify:track:2fY6tqgrlrg1ky9fgs0t5u,https://api.spotify.com/v1/tracks/2fY6tqgrlrg1ky9fgs0t5u,https://api.spotify.com/v1/audio-analysis/2fY6tqgrlrg1ky9fgs0t5u,308667,4
0.541,0.96,0,-2.947,0,0.0505,0.0663,2.25e-06,0.344,0.812,122.803,audio_features,0rmGAIH9LNJewFw7nKzZnc,spotify:track:0rmGAIH9LNJewFw7nKzZnc,https://api.spotify.com/v1/tracks/0rmGAIH9LNJewFw7nKzZnc,https://api.spotify.com/v1/audio-analysis/0rmGAIH9LNJewFw7nKzZnc,222707,4
0.639,0.893,9,-6.509,1,0.036,0.289,0.00816,0.222,0.966,126.143,audio_features,5jkFvD4UJrmdoezzT1FRoP,spotify:track:5jkFvD4UJrmdoezzT1FRoP,https://api.spotify.com/v1/tracks/5jkFvD4UJrmdoezzT1FRoP,https://api.spotify.com/v1/audio-analysis/5jkFvD4UJrmdoezzT1FRoP,351573,4
0.45,0.794,4,-5.015,1,0.0538,0.388,0.0,0.303,0.362,143.861,audio_features,0awZwmlC6pxH65KTZpadmX,spotify:track:0awZwmlC6pxH65KTZpadmX,https://api.spotify.com/v1/tracks/0awZwmlC6pxH65KTZpadmX,https://api.spotify.com/v1/audio-analysis/0awZwmlC6pxH65KTZpadmX,251906,4
0.466,0.931,7,-7.433,1,0.144,0.0588,0.766,0.678,0.522,125.601,audio_features,34NxpUqK4BZmVB9Pe6VuUZ,spotify:track:34NxpUqK4BZmVB9Pe6VuUZ,https://api.spotify.com/v1/tracks/34NxpUqK4BZmVB9Pe6VuUZ,https://api.spotify.com/v1/audio-analysis/34NxpUqK4BZmVB9Pe6VuUZ,308947,4
0.636,0.849,0,-7.075,1,0.106,0.0438,0.0,0.372,0.917,156.036,audio_features,3Pzh926pXggbMe2ZpXyMV7,spotify:track:3Pzh926pXggbMe2ZpXyMV7,https://api.spotify.com/v1/tracks/3Pzh926pXggbMe2ZpXyMV7,https://api.spotify.com/v1/audio-analysis/3Pzh926pXggbMe2ZpXyMV7,175493,4
0.409,0.862,7,-4.305,1,0.0812,0.00568,0.0,0.152,0.574,121.469,audio_features,5hpyKjTtr5HsvdgLatWzJt,spotify:track:5hpyKjTtr5HsvdgLatWzJt,https://api.spotify.com/v1/tracks/5hpyKjTtr5HsvdgLatWzJt,https://api.spotify.com/v1/audio-analysis/5hpyKjTtr5HsvdgLatWzJt,147907,4
0.778,0.899,2,-6.552,1,0.0451,0.0028,0.0345,0.0263,0.881,119.995,audio_features,3OOFEF20WqtsUPcRbPY3L7,spotify:track:3OOFEF20WqtsUPcRbPY3L7,https://api.spotify.com/v1/tracks/3OOFEF20WqtsUPcRbPY3L7,https://api.spotify.com/v1/audio-analysis/3OOFEF20WqtsUPcRbPY3L7,204133,4
0.752,0.809,9,-8.399,1,0.0598,0.0908,9.41e-05,0.169,0.658,106.999,audio_features,5jhfa76FhqtD3Boij6MAKS,spotify:track:5jhfa76FhqtD3Boij6MAKS,https://api.spotify.com/v1/tracks/5jhfa76FhqtD3Boij6MAKS,https://api.spotify.com/v1/audio-analysis/5jhfa76FhqtD3Boij6MAKS,237827,4
0.456,0.752,11,-8.121,0,0.09,0.0095,0.00145,0.0573,0.897,183.569,audio_features,0fsz7tJ7UKXT9hliLfO7aE,spotify:track:0fsz7tJ7UKXT9hliLfO7aE,https://api.spotify.com/v1/tracks/0fsz7tJ7UKXT9hliLfO7aE,https://api.spotify.com/v1/audio-analysis/0fsz7tJ7UKXT9hliLfO7aE,179600,4
0.621,0.788,4,-4.326,1,0.0314,0.354,0.0,0.305,0.926,129.62,audio_features,4pCNJwixy2ImFncaPY2yE2,spotify:track:4pCNJwixy2ImFncaPY2yE2,https://api.spotify.com/v1/tracks/4pCNJwixy2ImFncaPY2yE2,https://api.spotify.com/v1/audio-analysis/4pCNJwixy2ImFncaPY2yE2,205493,4
0.524,0.955,0,-7.081,1,0.0411,0.00717,8.77e-06,0.659,0.869,133.849,audio_features,2ccUQnjjNWT0rsNnsBpsCA,spotify:track:2ccUQnjjNWT0rsNnsBpsCA,https://api.spotify.com/v1/tracks/2ccUQnjjNWT0rsNnsBpsCA,https://api.spotify.com/v1/audio-analysis/2ccUQnjjNWT0rsNnsBpsCA,253733,4
0.593,0.781,0,-5.472,1,0.0285,0.0944,2.23e-06,0.173,0.657,119.522,audio_features,7MjRtWS2teufvOiMM0BARZ,spotify:track:7MjRtWS2teufvOiMM0BARZ,https://api.spotify.com/v1/tracks/7MjRtWS2teufvOiMM0BARZ,https://api.spotify.com/v1/audio-analysis/7MjRtWS2teufvOiMM0BARZ,234427,4
0.315,0.826,7,-4.314,0,0.0636,0.00064,0.000687,0.0703,0.359,139.161,audio_features,6p8DGrcAUBuLUgDIKcUn0P,spotify:track:6p8DGrcAUBuLUgDIKcUn0P,https://api.spotify.com/v1/tracks/6p8DGrcAUBuLUgDIKcUn0P,https://api.spotify.com/v1/audio-analysis/6p8DGrcAUBuLUgDIKcUn0P,256072,4
0.468,0.692,2,-4.015,1,0.0295,0.0202,2.39e-06,0.523,0.561,78.009,audio_features,3omXshBamrREltcf24gYDC,spotify:track:3omXshBamrREltcf24gYDC,https://api.spotify.com/v1/tracks/3omXshBamrREltcf24gYDC,https://api.spotify.com/v1/audio-analysis/3omXshBamrREltcf24gYDC,200360,4
0.587,0.894,0,-4.184,0,0.0402,0.0309,2.15e-05,0.179,0.81,104.993,audio_features,3msS7xaelR4Oa0n7IwHkgF,spotify:track:3msS7xaelR4Oa0n7IwHkgF,https://api.spotify.com/v1/tracks/3msS7xaelR4Oa0n7IwHkgF,https://api.spotify.com/v1/audio-analysis/3msS7xaelR4Oa0n7IwHkgF,189507,4
0.486,0.617,5,-7.115,0,0.0287,0.0954,3.23e-06,0.109,0.417,138.015,audio_features,1mea3bSkSGXuIRvnydlB5b,spotify:track:1mea3bSkSGXuIRvnydlB5b,https://api.spotify.com/v1/tracks/1mea3bSkSGXuIRvnydlB5b,https://api.spotify.com/v1/audio-analysis/1mea3bSkSGXuIRvnydlB5b,242373,4
0.64,0.663,0,-7.516,1,0.0374,0.201,0.00806,0.152,0.663,132.77,audio_features,4BP3uh0hFLFRb5cjsgLqDh,spotify:track:4BP3uh0hFLFRb5cjsgLqDh,https://api.spotify.com/v1/tracks/4BP3uh0hFLFRb5cjsgLqDh,https://api.spotify.com/v1/audio-analysis/4BP3uh0hFLFRb5cjsgLqDh,140773,4
0.775,0.585,10,-9.516,0,0.0271,0.0422,0.619,0.077,0.518,109.942,audio_features,2cGxRwrMyEAp8dEbuZaVv6,spotify:track:2cGxRwrMyEAp8dEbuZaVv6,https://api.spotify.com/v1/tracks/2cGxRwrMyEAp8dEbuZaVv6,https://api.spotify.com/v1/audio-analysis/2cGxRwrMyEAp8dEbuZaVv6,337560,4
0.516,0.782,4,-9.706,1,0.043,0.000503,0.761,0.318,0.182,103.012,audio_features,2oloWUrkFHnVNA09IbzjZQ,spotify:track:2oloWUrkFHnVNA09IbzjZQ,https://api.spotify.com/v1/tracks/2oloWUrkFHnVNA09IbzjZQ,https://api.spotify.com/v1/audio-analysis/2oloWUrkFHnVNA09IbzjZQ,206947,4
0.426,0.9,5,-5.958,1,0.128,0.0732,0.000169,0.326,0.738,123.898,audio_features,0UxvDe61JZFfDopF1hM6Hp,spotify:track:0UxvDe61JZFfDopF1hM6Hp,https://api.spotify.com/v1/tracks/0UxvDe61JZFfDopF1hM6Hp,https://api.spotify.com/v1/audio-analysis/0UxvDe61JZFfDopF1hM6Hp,252787,4
0.486,0.449,5,-10.298,1,0.0267,0.166,2.23e-06,0.54,0.549,100.456,audio_features,0pQskrTITgmCMyr85tb9qq,spotify:track:0pQskrTITgmCMyr85tb9qq,https://api.spotify.com/v1/tracks/0pQskrTITgmCMyr85tb9qq,https://api.spotify.com/v1/audio-analysis/0pQskrTITgmCMyr85tb9qq,254293,4
0.527,0.677,5,-8.958,1,0.0301,0.238,0.546,0.645,0.464,99.322,audio_features,2flYVvzlSI9Pg5gI6MqTJs,spotify:track:2flYVvzlSI9Pg5gI6MqTJs,https://api.spotify.com/v1/tracks/2flYVvzlSI9Pg5gI6MqTJs,https://api.spotify.com/v1/audio-analysis/2flYVvzlSI9Pg5gI6MqTJs,261427,4
0.727,0.6,4,-8.383,1,0.0393,0.307,0.0469,0.0836,0.624,104.989,audio_features,3axxHYQ0tGeHyA09jkXznd,spotify:track:3axxHYQ0tGeHyA09jkXznd,https://api.spotify.com/v1/tracks/3axxHYQ0tGeHyA09jkXznd,https://api.spotify.com/v1/audio-analysis/3axxHYQ0tGeHyA09jkXznd,240203,3
0.341,0.764,4,-4.841,1,0.202,0.0362,2.41e-06,0.0817,0.239,128.931,audio_features,0AVIswXP3Q5FnlorjU0DbI,spotify:track:0AVIswXP3Q5FnlorjU0DbI,https://api.spotify.com/v1/tracks/0AVIswXP3Q5FnlorjU0DbI,https://api.spotify.com/v1/audio-analysis/0AVIswXP3Q5FnlorjU0DbI,207142,3
0.722,0.595,1,-9.928,0,0.0415,0.284,0.00054,0.0694,0.738,79.981,audio_features,751gBcu62kORDelX7FV0mM,spotify:track:751gBcu62kORDelX7FV0mM,https://api.spotify.com/v1/tracks/751gBcu62kORDelX7FV0mM,https://api.spotify.com/v1/audio-analysis/751gBcu62kORDelX7FV0mM,217827,4
0.322,0.28,6,-9.367,0,0.0281,0.468,1.1e-06,0.102,0.175,85.794,audio_features,1Cj2vqUwlJVG27gJrun92y,spotify:track:1Cj2vqUwlJVG27gJrun92y,https://api.spotify.com/v1/tracks/1Cj2vqUwlJVG27gJrun92y,https://api.spotify.com/v1/audio-analysis/1Cj2vqUwlJVG27gJrun92y,248467,4
0.398,0.92,2,-3.267,0,0.0491,0.00311,0.000531,0.108,0.226,200.131,audio_features,15BsrefgYpMgu1ZCIr8EJw,spotify:track:15BsrefgYpMgu1ZCIr8EJw,https://api.spotify.com/v1/tracks/15BsrefgYpMgu1ZCIr8EJw,https://api.spotify.com/v1/audio-analysis/15BsrefgYpMgu1ZCIr8EJw,202627,4
0.452,0.928,2,-3.133,1,0.079,0.000706,0.000637,0.226,0.6,129.188,audio_features,7rSERmjAT38lC5QhJ8hnQc,spotify:track:7rSERmjAT38lC5QhJ8hnQc,https://api.spotify.com/v1/tracks/7rSERmjAT38lC5QhJ8hnQc,https://api.spotify.com/v1/audio-analysis/7rSERmjAT38lC5QhJ8hnQc,153600,4
0.745,0.863,5,-4.646,0,0.0401,0.158,1.25e-06,0.165,0.857,131.446,audio_features,5t77UGzgSBRDDnaxJvE9R3,spotify:track:5t77UGzgSBRDDnaxJvE9R3,https://api.spotify.com/v1/tracks/5t77UGzgSBRDDnaxJvE9R3,https://api.spotify.com/v1/audio-analysis/5t77UGzgSBRDDnaxJvE9R3,270360,4
0.599,0.448,8,-6.312,1,0.0232,0.163,0.0,0.106,0.168,95.05,audio_features,0tgVpDi06FyKpA1z0VMD4v,spotify:track:0tgVpDi06FyKpA1z0VMD4v,https://api.spotify.com/v1/tracks/0tgVpDi06FyKpA1z0VMD4v,https://api.spotify.com/v1/audio-analysis/0tgVpDi06FyKpA1z0VMD4v,263400,3
0.53,0.634,2,-5.759,1,0.0311,0.249,0.000622,0.0979,0.106,111.615,audio_features,7KWGfnsUU4Ri46TIvjpAPx,spotify:track:7KWGfnsUU4Ri46TIvjpAPx,https://api.spotify.com/v1/tracks/7KWGfnsUU4Ri46TIvjpAPx,https://api.spotify.com/v1/audio-analysis/7KWGfnsUU4Ri46TIvjpAPx,306373,4
0.523,0.764,2,-5.086,0,0.027,0.418,2.96e-06,0.54,0.628,91.976,audio_features,1h34M3TNYaVcc91rH9qjrk,spotify:track:1h34M3TNYaVcc91rH9qjrk,https://api.spotify.com/v1/tracks/1h34M3TNYaVcc91rH9qjrk,https://api.spotify.com/v1/audio-analysis/1h34M3TNYaVcc91rH9qjrk,219453,4
0.388,0.338,10,-10.054,1,0.0329,0.652,3.73e-06,0.248,0.478,177.765,audio_features,2RlgNHKcydI9sayD2Df2xp,spotify:track:2RlgNHKcydI9sayD2Df2xp,https://api.spotify.com/v1/tracks/2RlgNHKcydI9sayD2Df2xp,https://api.spotify.com/v1/audio-analysis/2RlgNHKcydI9sayD2Df2xp,303373,4
0.59,0.976,11,-4.866,0,0.0488,0.000154,0.293,0.155,0.686,114.996,audio_features,7FNIEfhhBlzsZFxCwI5Nwh,spotify:track:7FNIEfhhBlzsZFxCwI5Nwh,https://api.spotify.com/v1/tracks/7FNIEfhhBlzsZFxCwI5Nwh,https://api.spotify.com/v1/audio-analysis/7FNIEfhhBlzsZFxCwI5Nwh,213240,4
0.669,0.854,4,-5.899,1,0.0431,0.0653,0.0,0.288,0.706,120.035,audio_features,0ifc4mq2mVNefgQFmtXQpt,spotify:track:0ifc4mq2mVNefgQFmtXQpt,https://api.spotify.com/v1/tracks/0ifc4mq2mVNefgQFmtXQpt,https://api.spotify.com/v1/audio-analysis/0ifc4mq2mVNefgQFmtXQpt,161328,4
0.331,0.943,4,-3.188,0,0.0698,0.00721,2.06e-06,0.242,0.296,94.612,audio_features,0COqiPhxzoWICwFCS4eZcp,spotify:track:0COqiPhxzoWICwFCS4eZcp,https://api.spotify.com/v1/tracks/0COqiPhxzoWICwFCS4eZcp,https://api.spotify.com/v1/audio-analysis/0COqiPhxzoWICwFCS4eZcp,235893,4
0.19,0.265,9,-9.206,1,0.0356,0.863,0.0,0.134,0.101,79.012,audio_features,4UzVcXufOhGUwF56HT7b8M,spotify:track:4UzVcXufOhGUwF56HT7b8M,https://api.spotify.com/v1/tracks/4UzVcXufOhGUwF56HT7b8M,https://api.spotify.com/v1/audio-analysis/4UzVcXufOhGUwF56HT7b8M,262533,4
0.331,0.846,2,-5.702,0,0.0516,0.00689,9.43e-05,0.27,0.369,175.121,audio_features,1TU3KOnNwSERgNbF2Yzl7N,spotify:track:1TU3KOnNwSERgNbF2Yzl7N,https://api.spotify.com/v1/tracks/1TU3KOnNwSERgNbF2Yzl7N,https://api.spotify.com/v1/audio-analysis/1TU3KOnNwSERgNbF2Yzl7N,327333,4
0.435,0.887,9,-4.07,1,0.0636,0.000747,0.0,0.0327,0.408,199.935,audio_features,1oagRT7LfpVlNJN6FSZDGp,spotify:track:1oagRT7LfpVlNJN6FSZDGp,https://api.spotify.com/v1/tracks/1oagRT7LfpVlNJN6FSZDGp,https://api.spotify.com/v1/audio-analysis/1oagRT7LfpVlNJN6FSZDGp,212040,4
0.55,0.938,11,-3.556,0,0.0522,0.00171,2.18e-05,0.555,0.433,133.99,audio_features,7ewT0nLFkMD8ONbRibePr9,spotify:track:7ewT0nLFkMD8ONbRibePr9,https://api.spotify.com/v1/tracks/7ewT0nLFkMD8ONbRibePr9,https://api.spotify.com/v1/audio-analysis/7ewT0nLFkMD8ONbRibePr9,214493,4
0.459,0.891,10,-5.057,0,0.0623,0.00511,0.0,0.106,0.588,154.837,audio_features,3Zwu2K0Qa5sT6teCCHPShP,spotify:track:3Zwu2K0Qa5sT6teCCHPShP,https://api.spotify.com/v1/tracks/3Zwu2K0Qa5sT6teCCHPShP,https://api.spotify.com/v1/audio-analysis/3Zwu2K0Qa5sT6teCCHPShP,203507,4
0.508,0.907,6,-3.443,0,0.0565,0.0423,6.83e-05,0.221,0.587,104.997,audio_features,5OMCffelD9cnJCgG3xnHzU,spotify:track:5OMCffelD9cnJCgG3xnHzU,https://api.spotify.com/v1/tracks/5OMCffelD9cnJCgG3xnHzU,https://api.spotify.com/v1/audio-analysis/5OMCffelD9cnJCgG3xnHzU,244720,4
0.433,0.959,9,-4.04,1,0.0431,0.000917,0.0,0.028,0.365,172.984,audio_features,7x8dCjCr0x6x2lXKujYD34,spotify:track:7x8dCjCr0x6x2lXKujYD34,https://api.spotify.com/v1/tracks/7x8dCjCr0x6x2lXKujYD34,https://api.spotify.com/v1/audio-analysis/7x8dCjCr0x6x2lXKujYD34,269373,4
0.234,0.865,9,-5.131,1,0.0516,3.62e-05,0.000532,0.289,0.194,137.107,audio_features,76Je5Wklky23mVoxiRszcN,spotify:track:76Je5Wklky23mVoxiRszcN,https://api.spotify.com/v1/tracks/76Je5Wklky23mVoxiRszcN,https://api.spotify.com/v1/audio-analysis/76Je5Wklky23mVoxiRszcN,255960,4
0.413,0.881,11,-5.541,0,0.0367,5.99e-05,0.000308,0.0805,0.364,158.066,audio_features,5UWwZ5lm5PKu6eKsHAGxOk,spotify:track:5UWwZ5lm5PKu6eKsHAGxOk,https://api.spotify.com/v1/tracks/5UWwZ5lm5PKu6eKsHAGxOk,https://api.spotify.com/v1/audio-analysis/5UWwZ5lm5PKu6eKsHAGxOk,250547,4
0.577,0.604,5,-5.703,1,0.0495,0.000218,0.000579,0.477,0.637,167.719,audio_features,6tsojOQ5wHaIjKqIryLZK6,spotify:track:6tsojOQ5wHaIjKqIryLZK6,https://api.spotify.com/v1/tracks/6tsojOQ5wHaIjKqIryLZK6,https://api.spotify.com/v1/audio-analysis/6tsojOQ5wHaIjKqIryLZK6,263440,4
0.465,0.919,4,-4.025,1,0.0408,1.83e-05,2.07e-05,0.262,0.537,135.997,audio_features,5OQsiBsky2k2kDKy2bX2eT,spotify:track:5OQsiBsky2k2kDKy2bX2eT,https://api.spotify.com/v1/tracks/5OQsiBsky2k2kDKy2bX2eT,https://api.spotify.com/v1/audio-analysis/5OQsiBsky2k2kDKy2bX2eT,235293,4
0.401,0.953,4,-4.276,1,0.0752,1.83e-05,2.56e-05,0.149,0.555,174.217,audio_features,44wXefe8WB9Fd6xwtmAwbR,spotify:track:44wXefe8WB9Fd6xwtmAwbR,https://api.spotify.com/v1/tracks/44wXefe8WB9Fd6xwtmAwbR,https://api.spotify.com/v1/audio-analysis/44wXefe8WB9Fd6xwtmAwbR,231480,4
0.398,0.927,9,-4.212,1,0.0567,6.2e-05,0.000177,0.0575,0.311,77.106,audio_features,4dVbhS6OiYvFikshyaQaCN,spotify:track:4dVbhS6OiYvFikshyaQaCN,https://api.spotify.com/v1/tracks/4dVbhS6OiYvFikshyaQaCN,https://api.spotify.com/v1/audio-analysis/4dVbhS6OiYvFikshyaQaCN,260027,4
0.357,0.549,11,-7.843,0,0.0698,0.000798,0.00485,0.22,0.531,130.749,audio_features,3kdMzXOcrDIdSWLdONHNK5,spotify:track:3kdMzXOcrDIdSWLdONHNK5,https://api.spotify.com/v1/tracks/3kdMzXOcrDIdSWLdONHNK5,https://api.spotify.com/v1/audio-analysis/3kdMzXOcrDIdSWLdONHNK5,244573,4
0.366,0.94,1,-5.119,0,0.0696,0.000769,9.42e-05,0.188,0.369,130.198,audio_features,5FZxsHWIvUsmSK1IAvm2pp,spotify:track:5FZxsHWIvUsmSK1IAvm2pp,https://api.spotify.com/v1/tracks/5FZxsHWIvUsmSK1IAvm2pp,https://api.spotify.com/v1/audio-analysis/5FZxsHWIvUsmSK1IAvm2pp,255627,4
0.376,0.908,4,-3.793,0,0.0879,1.4e-05,1.4e-05,0.241,0.266,144.581,audio_features,67vYdAAM3oGsEImCRfbtsF,spotify:track:67vYdAAM3oGsEImCRfbtsF,https://api.spotify.com/v1/tracks/67vYdAAM3oGsEImCRfbtsF,https://api.spotify.com/v1/audio-analysis/67vYdAAM3oGsEImCRfbtsF,265560,4
0.472,0.468,5,-7.524,1,0.0281,0.166,0.000161,0.146,0.386,133.997,audio_features,0umRfhrhFEz9jkEMTrUSkQ,spotify:track:0umRfhrhFEz9jkEMTrUSkQ,https://api.spotify.com/v1/tracks/0umRfhrhFEz9jkEMTrUSkQ,https://api.spotify.com/v1/audio-analysis/0umRfhrhFEz9jkEMTrUSkQ,226881,4
0.277,0.663,4,-8.821,0,0.0377,0.000409,0.00051,0.136,0.527,104.561,audio_features,20I8RduZC2PWMWTDCZuuAN,spotify:track:20I8RduZC2PWMWTDCZuuAN,https://api.spotify.com/v1/tracks/20I8RduZC2PWMWTDCZuuAN,https://api.spotify.com/v1/audio-analysis/20I8RduZC2PWMWTDCZuuAN,237027,4
0.672,0.738,0,-7.045,1,0.0506,0.0178,6.75e-05,0.0927,0.392,107.938,audio_features,6t6oULCRS6hnI7rm0h5gwl,spotify:track:6t6oULCRS6hnI7rm0h5gwl,https://api.spotify.com/v1/tracks/6t6oULCRS6hnI7rm0h5gwl,https://api.spotify.com/v1/audio-analysis/6t6oULCRS6hnI7rm0h5gwl,277040,4
0.639,0.654,7,-5.287,0,0.0528,0.456,8.45e-05,0.16,0.595,91.933,audio_features,4dpD3TDufxz2rQ9JLkYPgV,spotify:track:4dpD3TDufxz2rQ9JLkYPgV,https://api.spotify.com/v1/tracks/4dpD3TDufxz2rQ9JLkYPgV,https://api.spotify.com/v1/audio-analysis/4dpD3TDufxz2rQ9JLkYPgV,209585,4
0.851,0.449,7,-9.817,1,0.192,0.0898,0.869,0.0899,0.313,153.12,audio_features,5XdZdjO26hq34gWzlSROpc,spotify:track:5XdZdjO26hq34gWzlSROpc,https://api.spotify.com/v1/tracks/5XdZdjO26hq34gWzlSROpc,https://api.spotify.com/v1/audio-analysis/5XdZdjO26hq34gWzlSROpc,169348,4
0.285,0.843,4,-7.318,1,0.129,0.00103,0.00037,0.327,0.282,97.051,audio_features,0rOTMSSa6yscfOrGnzfheM,spotify:track:0rOTMSSa6yscfOrGnzfheM,https://api.spotify.com/v1/tracks/0rOTMSSa6yscfOrGnzfheM,https://api.spotify.com/v1/audio-analysis/0rOTMSSa6yscfOrGnzfheM,229173,4
0.577,0.688,6,-8.735,1,0.032,0.109,2.78e-06,0.0788,0.843,81.032,audio_features,19nAFg6Mb6jXN3yxPC2sSk,spotify:track:19nAFg6Mb6jXN3yxPC2sSk,https://api.spotify.com/v1/tracks/19nAFg6Mb6jXN3yxPC2sSk,https://api.spotify.com/v1/audio-analysis/19nAFg6Mb6jXN3yxPC2sSk,225080,4
0.494,0.939,1,-3.127,1,0.126,0.00666,0.0,0.139,0.893,177.751,audio_features,0BRHnOFm6sjxN1i9LJrUDu,spotify:track:0BRHnOFm6sjxN1i9LJrUDu,https://api.spotify.com/v1/tracks/0BRHnOFm6sjxN1i9LJrUDu,https://api.spotify.com/v1/audio-analysis/0BRHnOFm6sjxN1i9LJrUDu,175093,4
0.62,0.93,1,-3.685,1,0.0374,0.00043,0.0,0.0686,0.609,106.22,audio_features,2g2a5kDeZexbUTD8abcvm6,spotify:track:2g2a5kDeZexbUTD8abcvm6,https://api.spotify.com/v1/tracks/2g2a5kDeZexbUTD8abcvm6,https://api.spotify.com/v1/audio-analysis/2g2a5kDeZexbUTD8abcvm6,190173,4
0.499,0.958,9,-5.417,1,0.0898,0.000326,2.19e-06,0.432,0.359,127.491,audio_features,278Ao6KQDxWGGszv24uvhI,spotify:track:278Ao6KQDxWGGszv24uvhI,https://api.spotify.com/v1/tracks/278Ao6KQDxWGGszv24uvhI,https://api.spotify.com/v1/audio-analysis/278Ao6KQDxWGGszv24uvhI,205440,4
0.552,0.89,8,-3.409,1,0.0342,0.000143,0.0,0.888,0.716,146.525,audio_features,4VgEM12OeaN3GyBV487Me7,spotify:track:4VgEM12OeaN3GyBV487Me7,https://api.spotify.com/v1/tracks/4VgEM12OeaN3GyBV487Me7,https://api.spotify.com/v1/audio-analysis/4VgEM12OeaN3GyBV487Me7,232680,4
0.437,0.988,4,-3.174,1,0.0727,7.4e-05,0.000338,0.599,0.625,175.976,audio_features,206n37mZTmloL45RYhmMlP,spotify:track:206n37mZTmloL45RYhmMlP,https://api.spotify.com/v1/tracks/206n37mZTmloL45RYhmMlP,https://api.spotify.com/v1/audio-analysis/206n37mZTmloL45RYhmMlP,183147,4
0.442,0.943,3,-3.205,1,0.0602,0.00293,8.71e-06,0.091,0.781,85.064,audio_features,6L89mwZXSOwYl76YXfX13s,spotify:track:6L89mwZXSOwYl76YXfX13s,https://api.spotify.com/v1/tracks/6L89mwZXSOwYl76YXfX13s,https://api.spotify.com/v1/audio-analysis/6L89mwZXSOwYl76YXfX13s,181533,4
0.572,0.883,0,-3.74,1,0.0392,0.000893,0.0,0.102,0.469,117.915,audio_features,1bsQUnczB7JI4YnDzOjFMz,spotify:track:1bsQUnczB7JI4YnDzOjFMz,https://api.spotify.com/v1/tracks/1bsQUnczB7JI4YnDzOjFMz,https://api.spotify.com/v1/audio-analysis/1bsQUnczB7JI4YnDzOjFMz,184813,4
0.519,0.845,5,-4.415,0,0.0281,0.0252,2.41e-06,0.0922,0.532,94.955,audio_features,2mnk1GHN0XmznKiucY4ZW4,spotify:track:2mnk1GHN0XmznKiucY4ZW4,https://api.spotify.com/v1/tracks/2mnk1GHN0XmznKiucY4ZW4,https://api.spotify.com/v1/audio-analysis/2mnk1GHN0XmznKiucY4ZW4,227680,4
0.467,0.946,1,-3.995,1,0.0482,0.000216,0.00926,0.412,0.789,129.89,audio_features,2OV1oB6LQWNw7kTOHU7Bua,spotify:track:2OV1oB6LQWNw7kTOHU7Bua,https://api.spotify.com/v1/tracks/2OV1oB6LQWNw7kTOHU7Bua,https://api.spotify.com/v1/audio-analysis/2OV1oB6LQWNw7kTOHU7Bua,219347,4
0.628,0.943,1,-3.914,0,0.0402,0.000504,0.000237,0.152,0.743,104.041,audio_features,2Q22sa3Y4lKXHHBBAxEhYY,spotify:track:2Q22sa3Y4lKXHHBBAxEhYY,https://api.spotify.com/v1/tracks/2Q22sa3Y4lKXHHBBAxEhYY,https://api.spotify.com/v1/audio-analysis/2Q22sa3Y4lKXHHBBAxEhYY,224947,4
0.556,0.864,3,-5.87,0,0.0584,0.00958,0.0,0.209,0.4,105.143,audio_features,60a0Rd6pjrkxjPbaKzXjfq,spotify:track:60a0Rd6pjrkxjPbaKzXjfq,https://api.spotify.com/v1/tracks/60a0Rd6pjrkxjPbaKzXjfq,https://api.spotify.com/v1/audio-analysis/60a0Rd6pjrkxjPbaKzXjfq,216880,4
0.29,0.827,8,-3.451,1,0.0362,0.000659,2.55e-06,0.301,0.45,167.086,audio_features,0MsrWnxQZxPAcov7c74sSo,spotify:track:0MsrWnxQZxPAcov7c74sSo,https://api.spotify.com/v1/tracks/0MsrWnxQZxPAcov7c74sSo,https://api.spotify.com/v1/audio-analysis/0MsrWnxQZxPAcov7c74sSo,493400,4
0.394,0.961,1,-3.733,1,0.0438,5.22e-05,0.000131,0.101,0.842,175.991,audio_features,53oEpGga4UriwcOKc35LpM,spotify:track:53oEpGga4UriwcOKc35LpM,https://api.spotify.com/v1/tracks/53oEpGga4UriwcOKc35LpM,https://api.spotify.com/v1/audio-analysis/53oEpGga4UriwcOKc35LpM,156248,4
0.559,0.543,1,-5.429,1,0.302,0.00133,2e-05,0.0577,0.337,75.958,audio_features,1nLnpLXvl68RZCSjfkyiaa,spotify:track:1nLnpLXvl68RZCSjfkyiaa,https://api.spotify.com/v1/tracks/1nLnpLXvl68RZCSjfkyiaa,https://api.spotify.com/v1/audio-analysis/1nLnpLXvl68RZCSjfkyiaa,193000,4
0.37,0.96,3,-4.162,0,0.0378,0.000241,0.0116,0.0563,0.717,89.428,audio_features,5kr3j5Clb9rjEposoMyLVt,spotify:track:5kr3j5Clb9rjEposoMyLVt,https://api.spotify.com/v1/tracks/5kr3j5Clb9rjEposoMyLVt,https://api.spotify.com/v1/audio-analysis/5kr3j5Clb9rjEposoMyLVt,224133,4
0.54,0.902,1,-3.577,1,0.0442,0.0142,0.0,0.0756,0.692,75.033,audio_features,19YmvsVCetCBeVj6O2mljR,spotify:track:19YmvsVCetCBeVj6O2mljR,https://api.spotify.com/v1/tracks/19YmvsVCetCBeVj6O2mljR,https://api.spotify.com/v1/audio-analysis/19YmvsVCetCBeVj6O2mljR,224760,4
0.419,0.971,7,-3.622,1,0.0909,4.63e-05,1.43e-05,0.171,0.677,180.033,audio_features,3oqYMRKQcwyNmFn1VD2ukD,spotify:track:3oqYMRKQcwyNmFn1VD2ukD,https://api.spotify.com/v1/tracks/3oqYMRKQcwyNmFn1VD2ukD,https://api.spotify.com/v1/audio-analysis/3oqYMRKQcwyNmFn1VD2ukD,180853,4
0.453,0.987,8,-4.485,1,0.0889,0.0195,0.283,0.268,0.316,123.544,audio_features,0G21yYKMZoHa30cYVi1iA8,spotify:track:0G21yYKMZoHa30cYVi1iA8,https://api.spotify.com/v1/tracks/0G21yYKMZoHa30cYVi1iA8,https://api.spotify.com/v1/audio-analysis/0G21yYKMZoHa30cYVi1iA8,273480,4
0.262,0.777,11,-8.671,1,0.0632,0.0109,0.113,0.12,0.264,152.5,audio_features,0rFWuqFgHAfuzE8uSB9TWR,spotify:track:0rFWuqFgHAfuzE8uSB9TWR,https://api.spotify.com/v1/tracks/0rFWuqFgHAfuzE8uSB9TWR,https://api.spotify.com/v1/audio-analysis/0rFWuqFgHAfuzE8uSB9TWR,182733,4
0.779,0.516,10,-6.467,0,0.0521,0.148,0.0,0.0492,0.715,120.026,audio_features,48XkVAagIoQHCsOlJtXUd5,spotify:track:48XkVAagIoQHCsOlJtXUd5,https://api.spotify.com/v1/tracks/48XkVAagIoQHCsOlJtXUd5,https://api.spotify.com/v1/audio-analysis/48XkVAagIoQHCsOlJtXUd5,247787,4
0.686,0.594,0,-6.981,1,0.0358,0.0821,0.0897,0.418,0.287,132.983,audio_features,06yksZ8eFxWyaCxxnbXd0q,spotify:track:06yksZ8eFxWyaCxxnbXd0q,https://api.spotify.com/v1/tracks/06yksZ8eFxWyaCxxnbXd0q,https://api.spotify.com/v1/audio-analysis/06yksZ8eFxWyaCxxnbXd0q,214227,4
0.797,0.606,7,-6.41,1,0.0938,0.00549,9.62e-05,0.0954,0.77,99.982,audio_features,6HGDxEtcoUsztb2xeVOXTP,spotify:track:6HGDxEtcoUsztb2xeVOXTP,https://api.spotify.com/v1/tracks/6HGDxEtcoUsztb2xeVOXTP,https://api.spotify.com/v1/audio-analysis/6HGDxEtcoUsztb2xeVOXTP,222707,4
0.68,0.789,5,-5.589,1,0.159,0.039,3.75e-06,0.112,0.54,130.029,audio_features,7DwaOIkZk8qLJKGX7XTF2l,spotify:track:7DwaOIkZk8qLJKGX7XTF2l,https://api.spotify.com/v1/tracks/7DwaOIkZk8qLJKGX7XTF2l,https://api.spotify.com/v1/audio-analysis/7DwaOIkZk8qLJKGX7XTF2l,195047,4
0.518,0.433,8,-12.194,1,0.0313,0.0711,0.79,0.42,0.0892,126.017,audio_features,5xKVYMxOHB2XRLCUafFrz6,spotify:track:5xKVYMxOHB2XRLCUafFrz6,https://api.spotify.com/v1/tracks/5xKVYMxOHB2XRLCUafFrz6,https://api.spotify.com/v1/audio-analysis/5xKVYMxOHB2XRLCUafFrz6,143805,3
0.286,0.0968,7,-16.806,1,0.0323,0.178,0.696,0.0861,0.0395,62.881,audio_features,6ZFbXIJkuI1dVNWvzJzown,spotify:track:6ZFbXIJkuI1dVNWvzJzown,https://api.spotify.com/v1/tracks/6ZFbXIJkuI1dVNWvzJzown,https://api.spotify.com/v1/audio-analysis/6ZFbXIJkuI1dVNWvzJzown,275556,4
0.594,0.889,5,-7.775,1,0.246,0.768,0.0,0.124,0.8,116.187,audio_features,1zW2csx1vVJrKfvDrFQNVt,spotify:track:1zW2csx1vVJrKfvDrFQNVt,https://api.spotify.com/v1/tracks/1zW2csx1vVJrKfvDrFQNVt,https://api.spotify.com/v1/audio-analysis/1zW2csx1vVJrKfvDrFQNVt,221704,4
0.797,0.105,1,-16.881,1,0.0969,0.885,0.000116,0.108,0.419,122.545,audio_features,4fHDlIntTsRGSyTg5UYZYC,spotify:track:4fHDlIntTsRGSyTg5UYZYC,https://api.spotify.com/v1/tracks/4fHDlIntTsRGSyTg5UYZYC,https://api.spotify.com/v1/audio-analysis/4fHDlIntTsRGSyTg5UYZYC,183133,4
0.623,0.763,9,-4.412,1,0.0719,0.199,6.52e-06,0.126,0.199,108.871,audio_features,6iCJCZqDJjmBxt07Oid6FI,spotify:track:6iCJCZqDJjmBxt07Oid6FI,https://api.spotify.com/v1/tracks/6iCJCZqDJjmBxt07Oid6FI,https://api.spotify.com/v1/audio-analysis/6iCJCZqDJjmBxt07Oid6FI,226610,4
0.516,0.85,4,-3.909,0,0.0706,0.00139,0.0,0.296,0.583,120.324,audio_features,37mfTcSlX60JtAvAETytGs,spotify:track:37mfTcSlX60JtAvAETytGs,https://api.spotify.com/v1/tracks/37mfTcSlX60JtAvAETytGs,https://api.spotify.com/v1/audio-analysis/37mfTcSlX60JtAvAETytGs,195717,4
0.548,0.54,10,-9.912,1,0.0391,0.42,0.0144,0.643,0.284,142.914,audio_features,2a6lmAMwH4RjNGDY01kytd,spotify:track:2a6lmAMwH4RjNGDY01kytd,https://api.spotify.com/v1/tracks/2a6lmAMwH4RjNGDY01kytd,https://api.spotify.com/v1/audio-analysis/2a6lmAMwH4RjNGDY01kytd,297706,4
0.524,0.679,2,-6.01,0,0.0565,0.131,0.0,0.201,0.37,142.588,audio_features,4o74y4XY1ypNZkZtZkK8Wi,spotify:track:4o74y4XY1ypNZkZtZkK8Wi,https://api.spotify.com/v1/tracks/4o74y4XY1ypNZkZtZkK8Wi,https://api.spotify.com/v1/audio-analysis/4o74y4XY1ypNZkZtZkK8Wi,230200,4
0.381,0.838,6,-6.562,0,0.0709,0.0046,3.77e-05,0.101,0.581,118.214,audio_features,3T76zPJz3tWL27FrjJe2ot,spotify:track:3T76zPJz3tWL27FrjJe2ot,https://api.spotify.com/v1/tracks/3T76zPJz3tWL27FrjJe2ot,https://api.spotify.com/v1/audio-analysis/3T76zPJz3tWL27FrjJe2ot,219400,4
0.358,0.557,10,-7.398,1,0.059,0.695,0.0,0.0902,0.494,85.043,audio_features,5uCax9HTNlzGybIStD3vDh,spotify:track:5uCax9HTNlzGybIStD3vDh,https://api.spotify.com/v1/tracks/5uCax9HTNlzGybIStD3vDh,https://api.spotify.com/v1/audio-analysis/5uCax9HTNlzGybIStD3vDh,211467,4
0.462,0.919,10,-3.595,1,0.0608,0.0145,0.0,0.562,0.523,103.021,audio_features,6z4CTIToU7a03Rq07F9FF4,spotify:track:6z4CTIToU7a03Rq07F9FF4,https://api.spotify.com/v1/tracks/6z4CTIToU7a03Rq07F9FF4,https://api.spotify.com/v1/audio-analysis/6z4CTIToU7a03Rq07F9FF4,238107,4
0.613,0.953,2,-3.435,1,0.0855,0.00148,0.000582,0.152,0.537,105.046,audio_features,305WCRhhS10XUcH6AEwZk6,spotify:track:305WCRhhS10XUcH6AEwZk6,https://api.spotify.com/v1/tracks/305WCRhhS10XUcH6AEwZk6,https://api.spotify.com/v1/audio-analysis/305WCRhhS10XUcH6AEwZk6,213800,4
0.643,0.849,2,-5.428,1,0.0526,0.0371,0.0,0.058,0.903,162.152,audio_features,6GG73Jik4jUlQCkKg9JuGO,spotify:track:6GG73Jik4jUlQCkKg9JuGO,https://api.spotify.com/v1/tracks/6GG73Jik4jUlQCkKg9JuGO,https://api.spotify.com/v1/audio-analysis/6GG73Jik4jUlQCkKg9JuGO,165853,4
0.422,0.264,8,-7.064,1,0.0322,0.922,0.0,0.132,0.331,119.93,audio_features,3U4isOIWM3VvDubwSI3y7a,spotify:track:3U4isOIWM3VvDubwSI3y7a,https://api.spotify.com/v1/tracks/3U4isOIWM3VvDubwSI3y7a,https://api.spotify.com/v1/audio-analysis/3U4isOIWM3VvDubwSI3y7a,269560,4
0.495,0.894,2,-4.814,0,0.0441,0.00453,0.000596,0.103,0.213,126.03,audio_features,5VSCgNlSmTV2Yq5lB40Eaw,spotify:track:5VSCgNlSmTV2Yq5lB40Eaw,https://api.spotify.com/v1/tracks/5VSCgNlSmTV2Yq5lB40Eaw,https://api.spotify.com/v1/audio-analysis/5VSCgNlSmTV2Yq5lB40Eaw,239894,4
0.769,0.321,8,-14.109,1,0.118,0.753,0.00229,0.11,0.486,139.932,audio_features,5vWMRdWmkX1owL6ZBVQM4N,spotify:track:5vWMRdWmkX1owL6ZBVQM4N,https://api.spotify.com/v1/tracks/5vWMRdWmkX1owL6ZBVQM4N,https://api.spotify.com/v1/audio-analysis/5vWMRdWmkX1owL6ZBVQM4N,209189,4
0.402,0.0718,5,-20.948,1,0.036,0.886,0.0,0.0864,0.202,137.803,audio_features,0m42DJCE0URRwRiRMOT1bu,spotify:track:0m42DJCE0URRwRiRMOT1bu,https://api.spotify.com/v1/tracks/0m42DJCE0URRwRiRMOT1bu,https://api.spotify.com/v1/audio-analysis/0m42DJCE0URRwRiRMOT1bu,230002,4
0.671,0.861,9,-6.343,0,0.1,0.0864,6.89e-06,0.261,0.643,109.852,audio_features,2HjyQ9gDWT5oFWoThOrWeO,spotify:track:2HjyQ9gDWT5oFWoThOrWeO,https://api.spotify.com/v1/tracks/2HjyQ9gDWT5oFWoThOrWeO,https://api.spotify.com/v1/audio-analysis/2HjyQ9gDWT5oFWoThOrWeO,157000,4
0.622,0.302,0,-16.046,1,0.0431,0.583,1.18e-05,0.114,0.396,106.025,audio_features,5OxUavsItZns4C3kuJzhiP,spotify:track:5OxUavsItZns4C3kuJzhiP,https://api.spotify.com/v1/tracks/5OxUavsItZns4C3kuJzhiP,https://api.spotify.com/v1/audio-analysis/5OxUavsItZns4C3kuJzhiP,234083,4
0.842,0.441,0,-15.387,1,0.0757,0.0127,0.349,0.149,0.53,104.016,audio_features,1uQMjKzZN3VKwdtyrB5Hra,spotify:track:1uQMjKzZN3VKwdtyrB5Hra,https://api.spotify.com/v1/tracks/1uQMjKzZN3VKwdtyrB5Hra,https://api.spotify.com/v1/audio-analysis/1uQMjKzZN3VKwdtyrB5Hra,203128,4
0.882,0.294,2,-16.426,1,0.0524,0.382,4.64e-06,0.12,0.536,101.992,audio_features,5X170QrlhnifIkvCRRXMlu,spotify:track:5X170QrlhnifIkvCRRXMlu,https://api.spotify.com/v1/tracks/5X170QrlhnifIkvCRRXMlu,https://api.spotify.com/v1/audio-analysis/5X170QrlhnifIkvCRRXMlu,201221,4
0.724,0.191,1,-19.406,1,0.0774,0.331,0.0329,0.113,0.1,160.044,audio_features,2d8IQlluUIWJ69Nc7IGMsS,spotify:track:2d8IQlluUIWJ69Nc7IGMsS,https://api.spotify.com/v1/tracks/2d8IQlluUIWJ69Nc7IGMsS,https://api.spotify.com/v1/audio-analysis/2d8IQlluUIWJ69Nc7IGMsS,212663,4
0.482,0.786,7,-5.735,1,0.032,0.00321,8.88e-05,0.446,0.793,126.755,audio_features,4DMKwE2E2iYDKY01C335Uw,spotify:track:4DMKwE2E2iYDKY01C335Uw,https://api.spotify.com/v1/tracks/4DMKwE2E2iYDKY01C335Uw,https://api.spotify.com/v1/audio-analysis/4DMKwE2E2iYDKY01C335Uw,323000,4
0.654,0.726,10,-3.803,0,0.0401,0.0311,6.35e-05,0.0618,0.728,103.987,audio_features,2kWowW0k4oFymhkr7LmvzO,spotify:track:2kWowW0k4oFymhkr7LmvzO,https://api.spotify.com/v1/tracks/2kWowW0k4oFymhkr7LmvzO,https://api.spotify.com/v1/audio-analysis/2kWowW0k4oFymhkr7LmvzO,211960,4
0.564,0.932,11,-10.068,1,0.0554,0.013,0.169,0.349,0.619,112.937,audio_features,78lgmZwycJ3nzsdgmPPGNx,spotify:track:78lgmZwycJ3nzsdgmPPGNx,https://api.spotify.com/v1/tracks/78lgmZwycJ3nzsdgmPPGNx,https://api.spotify.com/v1/audio-analysis/78lgmZwycJ3nzsdgmPPGNx,146250,4
0.587,0.872,7,-5.066,1,0.0484,0.018,0.0,0.622,0.735,159.925,audio_features,1OxcIUqVmVYxT6427tbhDW,spotify:track:1OxcIUqVmVYxT6427tbhDW,https://api.spotify.com/v1/tracks/1OxcIUqVmVYxT6427tbhDW,https://api.spotify.com/v1/audio-analysis/1OxcIUqVmVYxT6427tbhDW,221333,4
0.585,0.972,9,-4.45,0,0.0534,0.0143,0.0,0.0707,0.585,110.006,audio_features,7oVEtyuv9NBmnytsCIsY5I,spotify:track:7oVEtyuv9NBmnytsCIsY5I,https://api.spotify.com/v1/tracks/7oVEtyuv9NBmnytsCIsY5I,https://api.spotify.com/v1/audio-analysis/7oVEtyuv9NBmnytsCIsY5I,230253,4
0.554,0.978,4,-3.554,1,0.131,0.111,0.0,0.0731,0.594,135.095,audio_features,4Yf5bqU3NK4kNOypcrLYwU,spotify:track:4Yf5bqU3NK4kNOypcrLYwU,https://api.spotify.com/v1/tracks/4Yf5bqU3NK4kNOypcrLYwU,https://api.spotify.com/v1/audio-analysis/4Yf5bqU3NK4kNOypcrLYwU,162600,4
0.529,0.967,1,-3.647,0,0.0508,0.114,0.0,0.61,0.596,140.127,audio_features,0UFDKFqW2oGspYeYqo9wjA,spotify:track:0UFDKFqW2oGspYeYqo9wjA,https://api.spotify.com/v1/tracks/0UFDKFqW2oGspYeYqo9wjA,https://api.spotify.com/v1/audio-analysis/0UFDKFqW2oGspYeYqo9wjA,166373,4
0.552,0.726,2,-8.939,1,0.0373,0.154,0.000182,0.148,0.503,107.746,audio_features,66bI8teVSntNwjQGv3pRtF,spotify:track:66bI8teVSntNwjQGv3pRtF,https://api.spotify.com/v1/tracks/66bI8teVSntNwjQGv3pRtF,https://api.spotify.com/v1/audio-analysis/66bI8teVSntNwjQGv3pRtF,238600,4
0.641,0.922,2,-4.457,1,0.0786,0.0291,0.0,0.0862,0.847,146.078,audio_features,3bidbhpOYeV4knp8AIu8Xn,spotify:track:3bidbhpOYeV4knp8AIu8Xn,https://api.spotify.com/v1/tracks/3bidbhpOYeV4knp8AIu8Xn,https://api.spotify.com/v1/audio-analysis/3bidbhpOYeV4knp8AIu8Xn,258343,4
0.499,0.254,11,-12.302,0,0.028,0.907,0.0157,0.112,0.0893,104.953,audio_features,1MLvc7jAgCTIqVbI2Hr2uE,spotify:track:1MLvc7jAgCTIqVbI2Hr2uE,https://api.spotify.com/v1/tracks/1MLvc7jAgCTIqVbI2Hr2uE,https://api.spotify.com/v1/audio-analysis/1MLvc7jAgCTIqVbI2Hr2uE,224973,3
0.594,0.901,5,-1.951,1,0.0447,0.0438,0.0,0.425,0.493,125.995,audio_features,44wpzPHkSow8pQPZDSGOit,spotify:track:44wpzPHkSow8pQPZDSGOit,https://api.spotify.com/v1/tracks/44wpzPHkSow8pQPZDSGOit,https://api.spotify.com/v1/audio-analysis/44wpzPHkSow8pQPZDSGOit,226000,4
0.615,0.419,11,-8.8,0,0.0395,0.0173,0.497,0.135,0.216,76.997,audio_features,67Hna13dNDkZvBpTXRIaOJ,spotify:track:67Hna13dNDkZvBpTXRIaOJ,https://api.spotify.com/v1/tracks/67Hna13dNDkZvBpTXRIaOJ,https://api.spotify.com/v1/audio-analysis/67Hna13dNDkZvBpTXRIaOJ,330773,4
0.549,0.653,0,-7.47,1,0.0503,0.457,0.0,0.0969,0.287,121.348,audio_features,6bLU8e0LGyztE9iD5DWBQ1,spotify:track:6bLU8e0LGyztE9iD5DWBQ1,https://api.spotify.com/v1/tracks/6bLU8e0LGyztE9iD5DWBQ1,https://api.spotify.com/v1/audio-analysis/6bLU8e0LGyztE9iD5DWBQ1,187173,4
0.342,0.91,4,-7.748,1,0.0758,4.02e-05,0.000121,0.0823,0.547,140.452,audio_features,6EPRKhUOdiFSQwGBRBbvsZ,spotify:track:6EPRKhUOdiFSQwGBRBbvsZ,https://api.spotify.com/v1/tracks/6EPRKhUOdiFSQwGBRBbvsZ,https://api.spotify.com/v1/audio-analysis/6EPRKhUOdiFSQwGBRBbvsZ,166360,4
0.478,0.758,1,-5.4,1,0.0331,0.00974,0.00717,0.312,0.452,131.109,audio_features,1fXiYSWmkKJfRKMegCkI11,spotify:track:1fXiYSWmkKJfRKMegCkI11,https://api.spotify.com/v1/tracks/1fXiYSWmkKJfRKMegCkI11,https://api.spotify.com/v1/audio-analysis/1fXiYSWmkKJfRKMegCkI11,276720,4
0.235,0.578,10,-7.797,1,0.0424,0.0134,0.003,0.106,0.194,79.129,audio_features,1FNGW0JOSp7Rbomh80XVYm,spotify:track:1FNGW0JOSp7Rbomh80XVYm,https://api.spotify.com/v1/tracks/1FNGW0JOSp7Rbomh80XVYm,https://api.spotify.com/v1/audio-analysis/1FNGW0JOSp7Rbomh80XVYm,307853,4
0.476,0.551,2,-10.763,0,0.0309,0.093,0.974,0.296,0.346,145.029,audio_features,1nS12P1Ely8F4tzeXPMsYr,spotify:track:1nS12P1Ely8F4tzeXPMsYr,https://api.spotify.com/v1/tracks/1nS12P1Ely8F4tzeXPMsYr,https://api.spotify.com/v1/audio-analysis/1nS12P1Ely8F4tzeXPMsYr,241160,1
0.345,0.418,7,-7.787,0,0.0316,0.299,1.75e-05,0.103,0.267,109.044,audio_features,5Yj4AP0JGQWierBFKdKVyS,spotify:track:5Yj4AP0JGQWierBFKdKVyS,https://api.spotify.com/v1/tracks/5Yj4AP0JGQWierBFKdKVyS,https://api.spotify.com/v1/audio-analysis/5Yj4AP0JGQWierBFKdKVyS,198800,3
0.602,0.905,2,-4.046,1,0.0775,0.000202,0.064,0.117,0.411,128.019,audio_features,4VqPOruhp5EdPBeR92t6lQ,spotify:track:4VqPOruhp5EdPBeR92t6lQ,https://api.spotify.com/v1/tracks/4VqPOruhp5EdPBeR92t6lQ,https://api.spotify.com/v1/audio-analysis/4VqPOruhp5EdPBeR92t6lQ,304840,4
0.555,0.883,2,-3.426,1,0.0341,0.00114,0.041,0.868,0.507,125.02,audio_features,383QXk8nb2YrARMUwDdjQS,spotify:track:383QXk8nb2YrARMUwDdjQS,https://api.spotify.com/v1/tracks/383QXk8nb2YrARMUwDdjQS,https://api.spotify.com/v1/audio-analysis/383QXk8nb2YrARMUwDdjQS,316718,4
0.217,0.905,2,-4.103,1,0.0752,0.000289,0.00011,0.222,0.236,96.95,audio_features,5wQnmLuC1W7ATsArWACrgW,spotify:track:5wQnmLuC1W7ATsArWACrgW,https://api.spotify.com/v1/tracks/5wQnmLuC1W7ATsArWACrgW,https://api.spotify.com/v1/audio-analysis/5wQnmLuC1W7ATsArWACrgW,311107,4
0.21,0.94,9,-3.427,1,0.123,0.00602,0.0,0.269,0.255,179.722,audio_features,7lRlq939cDG4SzWOF4VAnd,spotify:track:7lRlq939cDG4SzWOF4VAnd,https://api.spotify.com/v1/tracks/7lRlq939cDG4SzWOF4VAnd,https://api.spotify.com/v1/audio-analysis/7lRlq939cDG4SzWOF4VAnd,186480,4
0.378,0.653,11,-7.427,0,0.0339,0.147,2.16e-05,0.102,0.483,112.704,audio_features,4jUBzVmMj8FRUjTKcOqgTn,spotify:track:4jUBzVmMj8FRUjTKcOqgTn,https://api.spotify.com/v1/tracks/4jUBzVmMj8FRUjTKcOqgTn,https://api.spotify.com/v1/audio-analysis/4jUBzVmMj8FRUjTKcOqgTn,243707,5
0.502,0.912,1,-4.556,1,0.0564,2.55e-05,0.000173,0.106,0.72,116.761,audio_features,5ghIJDpPoe3CfHMGu71E6T,spotify:track:5ghIJDpPoe3CfHMGu71E6T,https://api.spotify.com/v1/tracks/5ghIJDpPoe3CfHMGu71E6T,https://api.spotify.com/v1/audio-analysis/5ghIJDpPoe3CfHMGu71E6T,301920,4
0.609,0.617,9,-7.091,1,0.0307,0.0994,0.00404,0.118,0.543,128.903,audio_features,0jvN7eQJJt4nxQzgQfZ1SP,spotify:track:0jvN7eQJJt4nxQzgQfZ1SP,https://api.spotify.com/v1/tracks/0jvN7eQJJt4nxQzgQfZ1SP,https://api.spotify.com/v1/audio-analysis/0jvN7eQJJt4nxQzgQfZ1SP,242893,4
0.607,0.737,3,-5.714,1,0.0309,0.0348,0.0,0.119,0.702,113.96,audio_features,6KRddNr4XlooytDWtefT7L,spotify:track:6KRddNr4XlooytDWtefT7L,https://api.spotify.com/v1/tracks/6KRddNr4XlooytDWtefT7L,https://api.spotify.com/v1/audio-analysis/6KRddNr4XlooytDWtefT7L,207123,4
0.578,0.907,4,-4.869,1,0.0895,0.0229,0.0,0.557,0.66,170.04,audio_features,0Q0Vl9fKJF5MDxfVKbD78e,spotify:track:0Q0Vl9fKJF5MDxfVKbD78e,https://api.spotify.com/v1/tracks/0Q0Vl9fKJF5MDxfVKbD78e,https://api.spotify.com/v1/audio-analysis/0Q0Vl9fKJF5MDxfVKbD78e,214400,4
0.359,0.713,5,-4.526,1,0.0366,0.33,0.0,0.324,0.272,61.519,audio_features,05sCp83gcMm1iecYydKJS3,spotify:track:05sCp83gcMm1iecYydKJS3,https://api.spotify.com/v1/tracks/05sCp83gcMm1iecYydKJS3,https://api.spotify.com/v1/audio-analysis/05sCp83gcMm1iecYydKJS3,194520,4
0.593,0.851,9,-5.456,1,0.0446,0.0683,0.0,0.271,0.344,119.987,audio_features,3IQF4xCQUPicbA4hWfTxPo,spotify:track:3IQF4xCQUPicbA4hWfTxPo,https://api.spotify.com/v1/tracks/3IQF4xCQUPicbA4hWfTxPo,https://api.spotify.com/v1/audio-analysis/3IQF4xCQUPicbA4hWfTxPo,234547,4
0.673,0.434,7,-9.579,0,0.0353,0.189,0.455,0.351,0.771,95.042,audio_features,5w2zI2TnxiP4DMcsA0P30M,spotify:track:5w2zI2TnxiP4DMcsA0P30M,https://api.spotify.com/v1/tracks/5w2zI2TnxiP4DMcsA0P30M,https://api.spotify.com/v1/audio-analysis/5w2zI2TnxiP4DMcsA0P30M,240000,4
0.512,0.662,3,-6.797,1,0.0439,0.0275,0.0,0.118,0.472,180.114,audio_features,3DamFFqW32WihKkTVlwTYQ,spotify:track:3DamFFqW32WihKkTVlwTYQ,https://api.spotify.com/v1/tracks/3DamFFqW32WihKkTVlwTYQ,https://api.spotify.com/v1/audio-analysis/3DamFFqW32WihKkTVlwTYQ,228347,4
0.602,0.923,5,-3.763,1,0.044,0.0098,0.0,0.0561,0.765,136.01,audio_features,1yjY7rpaAQvKwpdUliHx0d,spotify:track:1yjY7rpaAQvKwpdUliHx0d,https://api.spotify.com/v1/tracks/1yjY7rpaAQvKwpdUliHx0d,https://api.spotify.com/v1/audio-analysis/1yjY7rpaAQvKwpdUliHx0d,216013,4
0.394,0.944,10,-6.506,0,0.0761,0.00178,4.54e-06,0.298,0.265,105.338,audio_features,6QewNVIDKdSl8Y3ycuHIei,spotify:track:6QewNVIDKdSl8Y3ycuHIei,https://api.spotify.com/v1/tracks/6QewNVIDKdSl8Y3ycuHIei,https://api.spotify.com/v1/audio-analysis/6QewNVIDKdSl8Y3ycuHIei,292581,4
0.914,0.711,4,-6.583,0,0.146,0.132,0.0151,0.129,0.777,102.954,audio_features,06SN95lC2QIwGchwTSQNY6,spotify:track:06SN95lC2QIwGchwTSQNY6,https://api.spotify.com/v1/tracks/06SN95lC2QIwGchwTSQNY6,https://api.spotify.com/v1/audio-analysis/06SN95lC2QIwGchwTSQNY6,218294,4
0.58,0.748,4,-5.433,1,0.0323,0.00935,0.0,0.753,0.584,109.781,audio_features,16DhvbuyvJob4Q9GHNYu2n,spotify:track:16DhvbuyvJob4Q9GHNYu2n,https://api.spotify.com/v1/tracks/16DhvbuyvJob4Q9GHNYu2n,https://api.spotify.com/v1/audio-analysis/16DhvbuyvJob4Q9GHNYu2n,216760,4
0.507,0.588,0,-4.881,1,0.0641,0.0359,0.000129,0.373,0.637,170.889,audio_features,6NvRxjfYkkT2SpirAlmsjH,spotify:track:6NvRxjfYkkT2SpirAlmsjH,https://api.spotify.com/v1/tracks/6NvRxjfYkkT2SpirAlmsjH,https://api.spotify.com/v1/audio-analysis/6NvRxjfYkkT2SpirAlmsjH,278707,4
0.242,0.992,4,-3.9,0,0.0988,0.0148,0.113,0.833,0.374,159.37,audio_features,45DElIx0dXqUH4A88yQFdE,spotify:track:45DElIx0dXqUH4A88yQFdE,https://api.spotify.com/v1/tracks/45DElIx0dXqUH4A88yQFdE,https://api.spotify.com/v1/audio-analysis/45DElIx0dXqUH4A88yQFdE,187120,4
0.381,0.894,7,-8.638,1,0.037,0.0258,0.0,0.0251,0.797,205.528,audio_features,2oSpQ7QtIKTNFfA08Cy0ku,spotify:track:2oSpQ7QtIKTNFfA08Cy0ku,https://api.spotify.com/v1/tracks/2oSpQ7QtIKTNFfA08Cy0ku,https://api.spotify.com/v1/audio-analysis/2oSpQ7QtIKTNFfA08Cy0ku,246933,4
0.599,0.957,11,-5.764,1,0.188,0.0129,7.06e-05,0.155,0.489,103.68,audio_features,1wsRitfRRtWyEapl0q22o8,spotify:track:1wsRitfRRtWyEapl0q22o8,https://api.spotify.com/v1/tracks/1wsRitfRRtWyEapl0q22o8,https://api.spotify.com/v1/audio-analysis/1wsRitfRRtWyEapl0q22o8,206200,4
0.47,0.978,7,-5.399,1,0.0727,0.0261,1.09e-05,0.356,0.503,117.906,audio_features,7lmeHLHBe4nmXzuXc0HDjk,spotify:track:7lmeHLHBe4nmXzuXc0HDjk,https://api.spotify.com/v1/tracks/7lmeHLHBe4nmXzuXc0HDjk,https://api.spotify.com/v1/audio-analysis/7lmeHLHBe4nmXzuXc0HDjk,210133,4
0.466,0.833,7,-4.215,1,0.304,0.0266,0.0,0.0327,0.661,88.785,audio_features,59WN2psjkt1tyaxjspN8fp,spotify:track:59WN2psjkt1tyaxjspN8fp,https://api.spotify.com/v1/tracks/59WN2psjkt1tyaxjspN8fp,https://api.spotify.com/v1/audio-analysis/59WN2psjkt1tyaxjspN8fp,313573,4
0.385,0.783,9,-2.533,1,0.233,0.000269,0.47,0.108,0.902,176.701,audio_features,4KcH1ZRV2W1q7Flq0QqC76,spotify:track:4KcH1ZRV2W1q7Flq0QqC76,https://api.spotify.com/v1/tracks/4KcH1ZRV2W1q7Flq0QqC76,https://api.spotify.com/v1/audio-analysis/4KcH1ZRV2W1q7Flq0QqC76,134467,4
0.345,0.852,2,-4.034,1,0.123,0.0339,3.03e-06,0.133,0.326,149.823,audio_features,2qyYTowbZTEmn6Z9HpSZY9,spotify:track:2qyYTowbZTEmn6Z9HpSZY9,https://api.spotify.com/v1/tracks/2qyYTowbZTEmn6Z9HpSZY9,https://api.spotify.com/v1/audio-analysis/2qyYTowbZTEmn6Z9HpSZY9,204925,4
0.592,0.767,9,-2.788,0,0.027,0.0021,0.00165,0.127,0.328,96.483,audio_features,48UPSzbZjgc449aqz8bxox,spotify:track:48UPSzbZjgc449aqz8bxox,https://api.spotify.com/v1/tracks/48UPSzbZjgc449aqz8bxox,https://api.spotify.com/v1/audio-analysis/48UPSzbZjgc449aqz8bxox,329733,4
0.553,0.864,9,-5.062,1,0.0396,0.00605,0.0,0.132,0.298,112.51,audio_features,5eK5xQl8EGzR5zYkxaDCAn,spotify:track:5eK5xQl8EGzR5zYkxaDCAn,https://api.spotify.com/v1/tracks/5eK5xQl8EGzR5zYkxaDCAn,https://api.spotify.com/v1/audio-analysis/5eK5xQl8EGzR5zYkxaDCAn,240453,4
0.43,0.971,6,-3.91,1,0.0672,0.000639,0.0,0.107,0.294,96.235,audio_features,4pkFvX3AkuiSGPkv8gMlks,spotify:track:4pkFvX3AkuiSGPkv8gMlks,https://api.spotify.com/v1/tracks/4pkFvX3AkuiSGPkv8gMlks,https://api.spotify.com/v1/audio-analysis/4pkFvX3AkuiSGPkv8gMlks,244227,4
0.492,0.504,10,-6.322,1,0.0473,0.238,0.0,0.153,0.262,152.855,audio_features,6i40XRqEwHAnSxwZWasMRp,spotify:track:6i40XRqEwHAnSxwZWasMRp,https://api.spotify.com/v1/tracks/6i40XRqEwHAnSxwZWasMRp,https://api.spotify.com/v1/audio-analysis/6i40XRqEwHAnSxwZWasMRp,203333,4
0.67,0.843,1,-4.311,1,0.0454,0.0392,0.0,0.225,0.713,117.01,audio_features,6kcHg7XL6SKyPNd78daRBL,spotify:track:6kcHg7XL6SKyPNd78daRBL,https://api.spotify.com/v1/tracks/6kcHg7XL6SKyPNd78daRBL,https://api.spotify.com/v1/audio-analysis/6kcHg7XL6SKyPNd78daRBL,192040,4
0.613,0.661,9,-4.984,1,0.0263,0.00652,0.0,0.0976,0.509,110.978,audio_features,6RKGBcDtgzXx21zUjpeu6F,spotify:track:6RKGBcDtgzXx21zUjpeu6F,https://api.spotify.com/v1/tracks/6RKGBcDtgzXx21zUjpeu6F,https://api.spotify.com/v1/audio-analysis/6RKGBcDtgzXx21zUjpeu6F,230773,4
0.638,0.819,10,-4.991,0,0.0643,0.0177,0.0,0.312,0.721,101.031,audio_features,4vuJuTLFomqItDrn482nzV,spotify:track:4vuJuTLFomqItDrn482nzV,https://api.spotify.com/v1/tracks/4vuJuTLFomqItDrn482nzV,https://api.spotify.com/v1/audio-analysis/4vuJuTLFomqItDrn482nzV,187893,4
0.274,0.908,9,-5.419,1,0.0691,0.00103,0.00219,0.154,0.483,148.246,audio_features,6ui6l3ZNvlrGQZArwo8195,spotify:track:6ui6l3ZNvlrGQZArwo8195,https://api.spotify.com/v1/tracks/6ui6l3ZNvlrGQZArwo8195,https://api.spotify.com/v1/audio-analysis/6ui6l3ZNvlrGQZArwo8195,200080,4
0.456,0.4,11,-9.762,0,0.0278,0.532,0.122,0.0665,0.072,80.958,audio_features,5WrdLpKv1J1wCnwYqJKvx8,spotify:track:5WrdLpKv1J1wCnwYqJKvx8,https://api.spotify.com/v1/tracks/5WrdLpKv1J1wCnwYqJKvx8,https://api.spotify.com/v1/audio-analysis/5WrdLpKv1J1wCnwYqJKvx8,315600,4
0.35,0.828,6,-5.373,1,0.041,0.000217,0.000161,0.0774,0.147,105.435,audio_features,2EoOZnxNgtmZaD8uUmz2nD,spotify:track:2EoOZnxNgtmZaD8uUmz2nD,https://api.spotify.com/v1/tracks/2EoOZnxNgtmZaD8uUmz2nD,https://api.spotify.com/v1/audio-analysis/2EoOZnxNgtmZaD8uUmz2nD,318587,4
0.449,0.864,1,-3.892,1,0.0352,2.04e-05,0.0,0.108,0.713,167.154,audio_features,0ChpoNjXfJPjMvCIN6so6J,spotify:track:0ChpoNjXfJPjMvCIN6so6J,https://api.spotify.com/v1/tracks/0ChpoNjXfJPjMvCIN6so6J,https://api.spotify.com/v1/audio-analysis/0ChpoNjXfJPjMvCIN6so6J,226080,4
0.295,0.584,9,-6.696,0,0.0345,0.000385,0.218,0.0996,0.228,117.2,audio_features,7BY005dacJkbO6EPiOh2wb,spotify:track:7BY005dacJkbO6EPiOh2wb,https://api.spotify.com/v1/tracks/7BY005dacJkbO6EPiOh2wb,https://api.spotify.com/v1/audio-analysis/7BY005dacJkbO6EPiOh2wb,271280,3
0.678,0.535,10,-8.592,0,0.0392,0.0151,0.0205,0.0969,0.0392,97.975,audio_features,0fira69E5qwYJNSvzEOCs7,spotify:track:0fira69E5qwYJNSvzEOCs7,https://api.spotify.com/v1/tracks/0fira69E5qwYJNSvzEOCs7,https://api.spotify.com/v1/audio-analysis/0fira69E5qwYJNSvzEOCs7,238156,4
0.435,0.526,8,-8.621,1,0.0445,0.0111,1.83e-05,0.173,0.544,95.925,audio_features,4r3Er3AOnUXFZY34F7tet8,spotify:track:4r3Er3AOnUXFZY34F7tet8,https://api.spotify.com/v1/tracks/4r3Er3AOnUXFZY34F7tet8,https://api.spotify.com/v1/audio-analysis/4r3Er3AOnUXFZY34F7tet8,307478,4
0.533,0.376,9,-11.913,0,0.0393,0.0302,0.248,0.0926,0.187,165.007,audio_features,2EqlS6tkEnglzr7tkKAAYD,spotify:track:2EqlS6tkEnglzr7tkKAAYD,https://api.spotify.com/v1/tracks/2EqlS6tkEnglzr7tkKAAYD,https://api.spotify.com/v1/audio-analysis/2EqlS6tkEnglzr7tkKAAYD,259947,4
0.63,0.577,7,-9.289,1,0.0369,0.0325,0.00906,0.104,0.299,79.689,audio_features,2Cofcx2rfbaoz5SUh7IJzj,spotify:track:2Cofcx2rfbaoz5SUh7IJzj,https://api.spotify.com/v1/tracks/2Cofcx2rfbaoz5SUh7IJzj,https://api.spotify.com/v1/audio-analysis/2Cofcx2rfbaoz5SUh7IJzj,296840,4
0.743,0.836,2,-6.465,1,0.116,0.0804,0.0,0.384,0.82,113.375,audio_features,39shmbIHICJ2Wxnk1fPSdz,spotify:track:39shmbIHICJ2Wxnk1fPSdz,https://api.spotify.com/v1/tracks/39shmbIHICJ2Wxnk1fPSdz,https://api.spotify.com/v1/audio-analysis/39shmbIHICJ2Wxnk1fPSdz,188987,4
0.651,0.801,0,-7.34,1,0.0514,0.123,0.0,0.0825,0.776,133.769,audio_features,5jzma6gCzYtKB1DbEwFZKH,spotify:track:5jzma6gCzYtKB1DbEwFZKH,https://api.spotify.com/v1/tracks/5jzma6gCzYtKB1DbEwFZKH,https://api.spotify.com/v1/audio-analysis/5jzma6gCzYtKB1DbEwFZKH,200480,4
0.584,0.931,9,-6.158,1,0.0344,0.00315,0.772,0.133,0.694,131.275,audio_features,0yEhNqCwEfy8LHUmnZoHpP,spotify:track:0yEhNqCwEfy8LHUmnZoHpP,https://api.spotify.com/v1/tracks/0yEhNqCwEfy8LHUmnZoHpP,https://api.spotify.com/v1/audio-analysis/0yEhNqCwEfy8LHUmnZoHpP,211707,4
0.49,0.18,0,-9.764,1,0.0344,0.7,3.96e-05,0.0762,0.182,136.455,audio_features,3z7kvwJVRfA4HCOfm9ngog,spotify:track:3z7kvwJVRfA4HCOfm9ngog,https://api.spotify.com/v1/tracks/3z7kvwJVRfA4HCOfm9ngog,https://api.spotify.com/v1/audio-analysis/3z7kvwJVRfA4HCOfm9ngog,284000,3
0.353,0.865,2,-4.598,1,0.233,0.00991,0.147,0.314,0.46,164.042,audio_features,7sC9FifCXZHgjTAjFO1ykA,spotify:track:7sC9FifCXZHgjTAjFO1ykA,https://api.spotify.com/v1/tracks/7sC9FifCXZHgjTAjFO1ykA,https://api.spotify.com/v1/audio-analysis/7sC9FifCXZHgjTAjFO1ykA,316853,4
0.307,0.847,11,-4.215,1,0.0551,0.0215,0.0,0.0783,0.34,93.072,audio_features,5RRWirYSE08FPKD6Mx4v0V,spotify:track:5RRWirYSE08FPKD6Mx4v0V,https://api.spotify.com/v1/tracks/5RRWirYSE08FPKD6Mx4v0V,https://api.spotify.com/v1/audio-analysis/5RRWirYSE08FPKD6Mx4v0V,173093,4
0.413,0.902,3,-5.384,0,0.0646,0.0909,0.0,0.096,0.753,79.253,audio_features,0ne8iNLplH15M6EtgzPkf0,spotify:track:0ne8iNLplH15M6EtgzPkf0,https://api.spotify.com/v1/tracks/0ne8iNLplH15M6EtgzPkf0,https://api.spotify.com/v1/audio-analysis/0ne8iNLplH15M6EtgzPkf0,166744,4
0.55,0.917,0,-3.159,1,0.0638,0.00428,0.0,0.197,0.601,126.115,audio_features,6TfBA04WJ3X1d1wXhaCFVT,spotify:track:6TfBA04WJ3X1d1wXhaCFVT,https://api.spotify.com/v1/tracks/6TfBA04WJ3X1d1wXhaCFVT,https://api.spotify.com/v1/audio-analysis/6TfBA04WJ3X1d1wXhaCFVT,177827,4
0.519,0.77,7,-8.788,1,0.0809,0.0675,3.48e-06,0.0762,0.921,158.29,audio_features,5JJDu0Z5DKe7mR31MGksSg,spotify:track:5JJDu0Z5DKe7mR31MGksSg,https://api.spotify.com/v1/tracks/5JJDu0Z5DKe7mR31MGksSg,https://api.spotify.com/v1/audio-analysis/5JJDu0Z5DKe7mR31MGksSg,197800,4
0.496,0.742,5,-9.209,0,0.0327,0.0413,0.000621,0.0894,0.381,135.971,audio_features,4ZZsSnVQXTMfYB2unKx7me,spotify:track:4ZZsSnVQXTMfYB2unKx7me,https://api.spotify.com/v1/tracks/4ZZsSnVQXTMfYB2unKx7me,https://api.spotify.com/v1/audio-analysis/4ZZsSnVQXTMfYB2unKx7me,219510,4
0.347,0.758,8,-7.753,1,0.0706,0.031,0.000659,0.109,0.484,117.959,audio_features,3xtiXNDbSKxy20I7D6vFUg,spotify:track:3xtiXNDbSKxy20I7D6vFUg,https://api.spotify.com/v1/tracks/3xtiXNDbSKxy20I7D6vFUg,https://api.spotify.com/v1/audio-analysis/3xtiXNDbSKxy20I7D6vFUg,165674,4
0.558,0.299,0,-10.634,1,0.0266,0.622,0.0305,0.0914,0.298,90.077,audio_features,66MXa8qDIQRtwuxuNtjNCu,spotify:track:66MXa8qDIQRtwuxuNtjNCu,https://api.spotify.com/v1/tracks/66MXa8qDIQRtwuxuNtjNCu,https://api.spotify.com/v1/audio-analysis/66MXa8qDIQRtwuxuNtjNCu,256007,4
0.851,0.551,4,-5.177,1,0.0396,0.151,0.0,0.0827,0.807,131.922,audio_features,67iAlVNDDdddxqSD2EZhFs,spotify:track:67iAlVNDDdddxqSD2EZhFs,https://api.spotify.com/v1/tracks/67iAlVNDDdddxqSD2EZhFs,https://api.spotify.com/v1/audio-analysis/67iAlVNDDdddxqSD2EZhFs,219467,4
0.464,0.795,1,-9.267,1,0.0926,0.0493,0.00244,0.399,0.612,158.691,audio_features,63T7DJ1AFDD6Bn8VzG6JE8,spotify:track:63T7DJ1AFDD6Bn8VzG6JE8,https://api.spotify.com/v1/tracks/63T7DJ1AFDD6Bn8VzG6JE8,https://api.spotify.com/v1/audio-analysis/63T7DJ1AFDD6Bn8VzG6JE8,202267,4
0.634,0.63,1,-8.277,0,0.031,0.447,0.039,0.17,0.489,118.628,audio_features,6H3kDe7CGoWYBabAeVWGiD,spotify:track:6H3kDe7CGoWYBabAeVWGiD,https://api.spotify.com/v1/tracks/6H3kDe7CGoWYBabAeVWGiD,https://api.spotify.com/v1/audio-analysis/6H3kDe7CGoWYBabAeVWGiD,270773,4
0.702,0.668,9,-9.237,1,0.214,0.518,0.0,0.0588,0.561,116.063,audio_features,1Ud6moTC0KyXMq1Oxfien0,spotify:track:1Ud6moTC0KyXMq1Oxfien0,https://api.spotify.com/v1/tracks/1Ud6moTC0KyXMq1Oxfien0,https://api.spotify.com/v1/audio-analysis/1Ud6moTC0KyXMq1Oxfien0,378147,4
0.564,0.919,7,-3.432,1,0.155,0.0278,0.0,0.251,0.733,149.02,audio_features,4Q99wmrzQFtK3oweyLkWij,spotify:track:4Q99wmrzQFtK3oweyLkWij,https://api.spotify.com/v1/tracks/4Q99wmrzQFtK3oweyLkWij,https://api.spotify.com/v1/audio-analysis/4Q99wmrzQFtK3oweyLkWij,218133,4
0.49,0.885,3,-4.121,1,0.0396,0.00218,0.0,0.0741,0.64,166.996,audio_features,37sINbJZcFdHFAsVNsPq1i,spotify:track:37sINbJZcFdHFAsVNsPq1i,https://api.spotify.com/v1/tracks/37sINbJZcFdHFAsVNsPq1i,https://api.spotify.com/v1/audio-analysis/37sINbJZcFdHFAsVNsPq1i,245467,4
0.669,0.388,0,-11.547,1,0.0306,0.605,0.144,0.0905,0.645,130.016,audio_features,1wAqhAF1dynDjMy7m5CSSE,spotify:track:1wAqhAF1dynDjMy7m5CSSE,https://api.spotify.com/v1/tracks/1wAqhAF1dynDjMy7m5CSSE,https://api.spotify.com/v1/audio-analysis/1wAqhAF1dynDjMy7m5CSSE,231173,4
0.556,0.712,9,-6.853,1,0.0336,0.00119,0.00222,0.0676,0.727,132.974,audio_features,1QvpsbjYAVVFvFrWVC0qnQ,spotify:track:1QvpsbjYAVVFvFrWVC0qnQ,https://api.spotify.com/v1/tracks/1QvpsbjYAVVFvFrWVC0qnQ,https://api.spotify.com/v1/audio-analysis/1QvpsbjYAVVFvFrWVC0qnQ,223560,4
0.743,0.446,4,-7.807,0,0.0683,0.0039,0.118,0.337,0.278,123.596,audio_features,3dPQuX8Gs42Y7b454ybpMR,spotify:track:3dPQuX8Gs42Y7b454ybpMR,https://api.spotify.com/v1/tracks/3dPQuX8Gs42Y7b454ybpMR,https://api.spotify.com/v1/audio-analysis/3dPQuX8Gs42Y7b454ybpMR,232107,4
0.402,0.723,6,-5.26,1,0.0579,0.0663,2e-06,0.233,0.224,160.047,audio_features,2D52zjCyqEIQa221lhw6uk,spotify:track:2D52zjCyqEIQa221lhw6uk,https://api.spotify.com/v1/tracks/2D52zjCyqEIQa221lhw6uk,https://api.spotify.com/v1/audio-analysis/2D52zjCyqEIQa221lhw6uk,326983,4
0.465,0.456,4,-6.603,0,0.0282,0.554,0.0,0.111,0.293,138.78,audio_features,1o4Pf2GIMDCD7ifIM2yI77,spotify:track:1o4Pf2GIMDCD7ifIM2yI77,https://api.spotify.com/v1/tracks/1o4Pf2GIMDCD7ifIM2yI77,https://api.spotify.com/v1/audio-analysis/1o4Pf2GIMDCD7ifIM2yI77,207467,4
0.498,0.83,6,-5.157,0,0.0421,0.00461,0.0,0.139,0.453,89.342,audio_features,0M955bMOoilikPXwKLYpoi,spotify:track:0M955bMOoilikPXwKLYpoi,https://api.spotify.com/v1/tracks/0M955bMOoilikPXwKLYpoi,https://api.spotify.com/v1/audio-analysis/0M955bMOoilikPXwKLYpoi,231480,4
0.505,0.694,7,-11.523,1,0.0431,1.31e-05,0.432,0.115,0.464,178.094,audio_features,2PhQJp8rfzNHllBS9vmK01,spotify:track:2PhQJp8rfzNHllBS9vmK01,https://api.spotify.com/v1/tracks/2PhQJp8rfzNHllBS9vmK01,https://api.spotify.com/v1/audio-analysis/2PhQJp8rfzNHllBS9vmK01,238480,4
0.603,0.661,2,-5.054,1,0.0431,0.0814,0.0,0.159,0.75,180.049,audio_features,1EW4h99weO0iXZgjrSyDBi,spotify:track:1EW4h99weO0iXZgjrSyDBi,https://api.spotify.com/v1/tracks/1EW4h99weO0iXZgjrSyDBi,https://api.spotify.com/v1/audio-analysis/1EW4h99weO0iXZgjrSyDBi,138333,4
0.503,0.651,3,-6.265,0,0.0397,0.00551,0.0,0.185,0.292,71.243,audio_features,0fLPwaOezajmU3endfmBfH,spotify:track:0fLPwaOezajmU3endfmBfH,https://api.spotify.com/v1/tracks/0fLPwaOezajmU3endfmBfH,https://api.spotify.com/v1/audio-analysis/0fLPwaOezajmU3endfmBfH,186067,4
0.391,0.828,7,-4.156,1,0.0722,0.000708,0.0,0.0781,0.561,177.91,audio_features,7CskFQLRb7IdIEdnAnjMDV,spotify:track:7CskFQLRb7IdIEdnAnjMDV,https://api.spotify.com/v1/tracks/7CskFQLRb7IdIEdnAnjMDV,https://api.spotify.com/v1/audio-analysis/7CskFQLRb7IdIEdnAnjMDV,217159,4
0.472,0.946,2,-4.591,1,0.145,0.0372,0.0,0.352,0.486,177.489,audio_features,7LygtNjQ65PSdzVjUnHXQb,spotify:track:7LygtNjQ65PSdzVjUnHXQb,https://api.spotify.com/v1/tracks/7LygtNjQ65PSdzVjUnHXQb,https://api.spotify.com/v1/audio-analysis/7LygtNjQ65PSdzVjUnHXQb,201027,4
0.714,0.721,9,-5.049,1,0.0783,0.273,0.245,0.174,0.415,83.021,audio_features,6TSDRzJGwbK9cajVbtqlPV,spotify:track:6TSDRzJGwbK9cajVbtqlPV,https://api.spotify.com/v1/tracks/6TSDRzJGwbK9cajVbtqlPV,https://api.spotify.com/v1/audio-analysis/6TSDRzJGwbK9cajVbtqlPV,164093,4
0.219,0.952,2,-3.621,1,0.176,5.1e-05,0.0989,0.157,0.172,112.886,audio_features,3CkjLJYnnyOtGk4Jx4iYS4,spotify:track:3CkjLJYnnyOtGk4Jx4iYS4,https://api.spotify.com/v1/tracks/3CkjLJYnnyOtGk4Jx4iYS4,https://api.spotify.com/v1/audio-analysis/3CkjLJYnnyOtGk4Jx4iYS4,176307,1
0.623,0.886,1,-3.044,1,0.0404,0.0245,0.0,0.247,0.709,92.021,audio_features,6L3VWDPDTQkQFkqvmpAUMU,spotify:track:6L3VWDPDTQkQFkqvmpAUMU,https://api.spotify.com/v1/tracks/6L3VWDPDTQkQFkqvmpAUMU,https://api.spotify.com/v1/audio-analysis/6L3VWDPDTQkQFkqvmpAUMU,228467,4
